file,label_id,condition,condition_bn,urgency
mpox_1_000000.jpg,1,Chickenpox,জলবসন্ত (চিকেনপক্স),get_it_checked
mpox_1_000001.jpg,1,Chickenpox,জলবসন্ত (চিকেনপক্স),get_it_checked
mpox_1_000002.jpg,1,Chickenpox,জলবসন্ত (চিকেনপক্স),get_it_checked
mpox_1_000003.jpg,1,Chickenpox,জলবসন্ত (চিকেনপক্স),get_it_checked
mpox_1_000004.jpg,1,Chickenpox,জলবসন্ত (চিকেনপক্স),get_it_checked
mpox_1_000005.jpg,1,Chickenpox,জলবসন্ত (চিকেনপক্স),get_it_checked
mpox_1_000006.jpg,1,Chickenpox,জলবসন্ত (চিকেনপক্স),get_it_checked
mpox_1_000007.jpg,1,Chickenpox,জলবসন্ত (চিকেনপক্স),get_it_checked
mpox_1_000008.jpg,1,Chickenpox,জলবসন্ত (চিকেনপক্স),get_it_checked
mpox_1_000009.jpg,1,Chickenpox,জলবসন্ত (চিকেনপক্স),get_it_checked
mpox_1_000010.jpg,1,Chickenpox,জলবসন্ত (চিকেনপক্স),get_it_checked
mpox_1_000011.jpg,1,Chickenpox,জলবসন্ত (চিকেনপক্স),get_it_checked
mpox_1_000012.jpg,1,Chickenpox,জলবসন্ত (চিকেনপক্স),get_it_checked
mpox_1_000013.jpg,1,Chickenpox,জলবসন্ত (চিকেনপক্স),get_it_checked
mpox_1_000014.jpg,1,Chickenpox,জলবসন্ত (চিকেনপক্স),get_it_checked
mpox_1_000015.jpg,1,Chickenpox,জলবসন্ত (চিকেনপক্স),get_it_checked
mpox_1_000016.jpg,1,Chickenpox,জলবসন্ত (চিকেনপক্স),get_it_checked
mpox_1_000017.jpg,1,Chickenpox,জলবসন্ত (চিকেনপক্স),get_it_checked
mpox_1_000018.jpg,1,Chickenpox,জলবসন্ত (চিকেনপক্স),get_it_checked
mpox_1_000019.jpg,1,Chickenpox,জলবসন্ত (চিকেনপক্স),get_it_checked
mpox_1_000020.jpg,1,Chickenpox,জলবসন্ত (চিকেনপক্স),get_it_checked
mpox_1_000021.jpg,1,Chickenpox,জলবসন্ত (চিকেনপক্স),get_it_checked
mpox_1_000022.jpg,1,Chickenpox,জলবসন্ত (চিকেনপক্স),get_it_checked
mpox_1_000023.jpg,1,Chickenpox,জলবসন্ত (চিকেনপক্স),get_it_checked
mpox_1_000024.jpg,1,Chickenpox,জলবসন্ত (চিকেনপক্স),get_it_checked
mpox_1_000025.jpg,1,Chickenpox,জলবসন্ত (চিকেনপক্স),get_it_checked
mpox_1_000026.jpg,1,Chickenpox,জলবসন্ত (চিকেনপক্স),get_it_checked
mpox_1_000027.jpg,1,Chickenpox,জলবসন্ত (চিকেনপক্স),get_it_checked
mpox_1_000028.jpg,1,Chickenpox,জলবসন্ত (চিকেনপক্স),get_it_checked
mpox_1_000029.jpg,1,Chickenpox,জলবসন্ত (চিকেনপক্স),get_it_checked
mpox_1_000030.jpg,1,Chickenpox,জলবসন্ত (চিকেনপক্স),get_it_checked
mpox_1_000031.jpg,1,Chickenpox,জলবসন্ত (চিকেনপক্স),get_it_checked
mpox_1_000032.jpg,1,Chickenpox,জলবসন্ত (চিকেনপক্স),get_it_checked
mpox_1_000033.jpg,1,Chickenpox,জলবসন্ত (চিকেনপক্স),get_it_checked
mpox_1_000034.jpg,1,Chickenpox,জলবসন্ত (চিকেনপক্স),get_it_checked
mpox_1_000035.jpg,1,Chickenpox,জলবসন্ত (চিকেনপক্স),get_it_checked
mpox_1_000036.jpg,1,Chickenpox,জলবসন্ত (চিকেনপক্স),get_it_checked
mpox_1_000037.jpg,1,Chickenpox,জলবসন্ত (চিকেনপক্স),get_it_checked
mpox_1_000038.jpg,1,Chickenpox,জলবসন্ত (চিকেনপক্স),get_it_checked
mpox_1_000039.jpg,1,Chickenpox,জলবসন্ত (চিকেনপক্স),get_it_checked
mpox_1_000040.jpg,1,Chickenpox,জলবসন্ত (চিকেনপক্স),get_it_checked
mpox_1_000041.jpg,1,Chickenpox,জলবসন্ত (চিকেনপক্স),get_it_checked
mpox_1_000042.jpg,1,Chickenpox,জলবসন্ত (চিকেনপক্স),get_it_checked
mpox_1_000043.jpg,1,Chickenpox,জলবসন্ত (চিকেনপক্স),get_it_checked
mpox_1_000044.jpg,1,Chickenpox,জলবসন্ত (চিকেনপক্স),get_it_checked
mpox_1_000045.jpg,1,Chickenpox,জলবসন্ত (চিকেনপক্স),get_it_checked
mpox_1_000046.jpg,1,Chickenpox,জলবসন্ত (চিকেনপক্স),get_it_checked
mpox_1_000047.jpg,1,Chickenpox,জলবসন্ত (চিকেনপক্স),get_it_checked
mpox_1_000048.jpg,1,Chickenpox,জলবসন্ত (চিকেনপক্স),get_it_checked
mpox_1_000049.jpg,1,Chickenpox,জলবসন্ত (চিকেনপক্স),get_it_checked
mpox_1_000050.jpg,1,Chickenpox,জলবসন্ত (চিকেনপক্স),get_it_checked
mpox_1_000051.jpg,1,Chickenpox,জলবসন্ত (চিকেনপক্স),get_it_checked
mpox_1_000052.jpg,1,Chickenpox,জলবসন্ত (চিকেনপক্স),get_it_checked
mpox_1_000053.jpg,1,Chickenpox,জলবসন্ত (চিকেনপক্স),get_it_checked
mpox_1_000054.jpg,1,Chickenpox,জলবসন্ত (চিকেনপক্স),get_it_checked
mpox_1_000055.jpg,1,Chickenpox,জলবসন্ত (চিকেনপক্স),get_it_checked
mpox_1_000056.jpg,1,Chickenpox,জলবসন্ত (চিকেনপক্স),get_it_checked
mpox_1_000057.jpg,1,Chickenpox,জলবসন্ত (চিকেনপক্স),get_it_checked
mpox_1_000058.jpg,1,Chickenpox,জলবসন্ত (চিকেনপক্স),get_it_checked
mpox_1_000059.jpg,1,Chickenpox,জলবসন্ত (চিকেনপক্স),get_it_checked
mpox_1_000060.jpg,1,Chickenpox,জলবসন্ত (চিকেনপক্স),get_it_checked
mpox_1_000061.jpg,1,Chickenpox,জলবসন্ত (চিকেনপক্স),get_it_checked
mpox_1_000062.jpg,1,Chickenpox,জলবসন্ত (চিকেনপক্স),get_it_checked
mpox_1_000063.jpg,1,Chickenpox,জলবসন্ত (চিকেনপক্স),get_it_checked
mpox_1_000064.jpg,1,Chickenpox,জলবসন্ত (চিকেনপক্স),get_it_checked
mpox_1_000065.jpg,1,Chickenpox,জলবসন্ত (চিকেনপক্স),get_it_checked
mpox_1_000066.jpg,1,Chickenpox,জলবসন্ত (চিকেনপক্স),get_it_checked
mpox_1_000067.jpg,1,Chickenpox,জলবসন্ত (চিকেনপক্স),get_it_checked
mpox_1_000068.jpg,1,Chickenpox,জলবসন্ত (চিকেনপক্স),get_it_checked
mpox_1_000069.jpg,1,Chickenpox,জলবসন্ত (চিকেনপক্স),get_it_checked
mpox_1_000070.jpg,1,Chickenpox,জলবসন্ত (চিকেনপক্স),get_it_checked
mpox_1_000071.jpg,1,Chickenpox,জলবসন্ত (চিকেনপক্স),get_it_checked
mpox_1_000072.jpg,1,Chickenpox,জলবসন্ত (চিকেনপক্স),get_it_checked
mpox_1_000073.jpg,1,Chickenpox,জলবসন্ত (চিকেনপক্স),get_it_checked
mpox_1_000074.jpg,1,Chickenpox,জলবসন্ত (চিকেনপক্স),get_it_checked
mpox_1_000075.jpg,1,Chickenpox,জলবসন্ত (চিকেনপক্স),get_it_checked
mpox_1_000076.jpg,1,Chickenpox,জলবসন্ত (চিকেনপক্স),get_it_checked
mpox_1_000077.jpg,1,Chickenpox,জলবসন্ত (চিকেনপক্স),get_it_checked
mpox_1_000078.jpg,1,Chickenpox,জলবসন্ত (চিকেনপক্স),get_it_checked
mpox_1_000079.jpg,1,Chickenpox,জলবসন্ত (চিকেনপক্স),get_it_checked
mpox_1_000080.jpg,1,Chickenpox,জলবসন্ত (চিকেনপক্স),get_it_checked
mpox_1_000081.jpg,1,Chickenpox,জলবসন্ত (চিকেনপক্স),get_it_checked
mpox_1_000082.jpg,1,Chickenpox,জলবসন্ত (চিকেনপক্স),get_it_checked
mpox_1_000083.jpg,1,Chickenpox,জলবসন্ত (চিকেনপক্স),get_it_checked
mpox_1_000084.jpg,1,Chickenpox,জলবসন্ত (চিকেনপক্স),get_it_checked
mpox_1_000085.jpg,1,Chickenpox,জলবসন্ত (চিকেনপক্স),get_it_checked
mpox_1_000086.jpg,1,Chickenpox,জলবসন্ত (চিকেনপক্স),get_it_checked
mpox_1_000087.jpg,1,Chickenpox,জলবসন্ত (চিকেনপক্স),get_it_checked
mpox_1_000088.jpg,1,Chickenpox,জলবসন্ত (চিকেনপক্স),get_it_checked
mpox_1_000089.jpg,1,Chickenpox,জলবসন্ত (চিকেনপক্স),get_it_checked
mpox_1_000090.jpg,1,Chickenpox,জলবসন্ত (চিকেনপক্স),get_it_checked
mpox_1_000091.jpg,1,Chickenpox,জলবসন্ত (চিকেনপক্স),get_it_checked
mpox_1_000092.jpg,1,Chickenpox,জলবসন্ত (চিকেনপক্স),get_it_checked
mpox_1_000093.jpg,1,Chickenpox,জলবসন্ত (চিকেনপক্স),get_it_checked
mpox_1_000094.jpg,1,Chickenpox,জলবসন্ত (চিকেনপক্স),get_it_checked
mpox_1_000095.jpg,1,Chickenpox,জলবসন্ত (চিকেনপক্স),get_it_checked
mpox_1_000096.jpg,1,Chickenpox,জলবসন্ত (চিকেনপক্স),get_it_checked
mpox_1_000097.jpg,1,Chickenpox,জলবসন্ত (চিকেনপক্স),get_it_checked
mpox_1_000098.jpg,1,Chickenpox,জলবসন্ত (চিকেনপক্স),get_it_checked
mpox_1_000099.jpg,1,Chickenpox,জলবসন্ত (চিকেনপক্স),get_it_checked
mpox_1_000100.jpg,1,Chickenpox,জলবসন্ত (চিকেনপক্স),get_it_checked
mpox_1_000101.jpg,1,Chickenpox,জলবসন্ত (চিকেনপক্স),get_it_checked
mpox_1_000102.jpg,1,Chickenpox,জলবসন্ত (চিকেনপক্স),get_it_checked
mpox_1_000103.jpg,1,Chickenpox,জলবসন্ত (চিকেনপক্স),get_it_checked
mpox_1_000104.jpg,1,Chickenpox,জলবসন্ত (চিকেনপক্স),get_it_checked
mpox_1_000105.jpg,1,Chickenpox,জলবসন্ত (চিকেনপক্স),get_it_checked
mpox_1_000106.jpg,1,Chickenpox,জলবসন্ত (চিকেনপক্স),get_it_checked
mpox_2_000107.jpg,2,Measles,হাম,get_it_checked
mpox_2_000108.jpg,2,Measles,হাম,get_it_checked
mpox_2_000109.jpg,2,Measles,হাম,get_it_checked
mpox_2_000110.jpg,2,Measles,হাম,get_it_checked
mpox_2_000111.jpg,2,Measles,হাম,get_it_checked
mpox_2_000112.jpg,2,Measles,হাম,get_it_checked
mpox_2_000113.jpg,2,Measles,হাম,get_it_checked
mpox_2_000114.jpg,2,Measles,হাম,get_it_checked
mpox_2_000115.jpg,2,Measles,হাম,get_it_checked
mpox_2_000116.jpg,2,Measles,হাম,get_it_checked
mpox_2_000117.jpg,2,Measles,হাম,get_it_checked
mpox_2_000118.jpg,2,Measles,হাম,get_it_checked
mpox_2_000119.jpg,2,Measles,হাম,get_it_checked
mpox_2_000120.jpg,2,Measles,হাম,get_it_checked
mpox_2_000121.jpg,2,Measles,হাম,get_it_checked
mpox_2_000122.jpg,2,Measles,হাম,get_it_checked
mpox_2_000123.jpg,2,Measles,হাম,get_it_checked
mpox_2_000124.jpg,2,Measles,হাম,get_it_checked
mpox_2_000125.jpg,2,Measles,হাম,get_it_checked
mpox_2_000126.jpg,2,Measles,হাম,get_it_checked
mpox_2_000127.jpg,2,Measles,হাম,get_it_checked
mpox_2_000128.jpg,2,Measles,হাম,get_it_checked
mpox_2_000129.jpg,2,Measles,হাম,get_it_checked
mpox_2_000130.jpg,2,Measles,হাম,get_it_checked
mpox_2_000131.jpg,2,Measles,হাম,get_it_checked
mpox_2_000132.jpg,2,Measles,হাম,get_it_checked
mpox_2_000133.jpg,2,Measles,হাম,get_it_checked
mpox_2_000134.jpg,2,Measles,হাম,get_it_checked
mpox_2_000135.jpg,2,Measles,হাম,get_it_checked
mpox_2_000136.jpg,2,Measles,হাম,get_it_checked
mpox_2_000137.jpg,2,Measles,হাম,get_it_checked
mpox_2_000138.jpg,2,Measles,হাম,get_it_checked
mpox_2_000139.jpg,2,Measles,হাম,get_it_checked
mpox_2_000140.jpg,2,Measles,হাম,get_it_checked
mpox_2_000141.jpg,2,Measles,হাম,get_it_checked
mpox_2_000142.jpg,2,Measles,হাম,get_it_checked
mpox_2_000143.jpg,2,Measles,হাম,get_it_checked
mpox_2_000144.jpg,2,Measles,হাম,get_it_checked
mpox_2_000145.jpg,2,Measles,হাম,get_it_checked
mpox_2_000146.jpg,2,Measles,হাম,get_it_checked
mpox_2_000147.jpg,2,Measles,হাম,get_it_checked
mpox_2_000148.jpg,2,Measles,হাম,get_it_checked
mpox_2_000149.jpg,2,Measles,হাম,get_it_checked
mpox_2_000150.jpg,2,Measles,হাম,get_it_checked
mpox_2_000151.jpg,2,Measles,হাম,get_it_checked
mpox_2_000152.jpg,2,Measles,হাম,get_it_checked
mpox_2_000153.jpg,2,Measles,হাম,get_it_checked
mpox_2_000154.jpg,2,Measles,হাম,get_it_checked
mpox_2_000155.jpg,2,Measles,হাম,get_it_checked
mpox_2_000156.jpg,2,Measles,হাম,get_it_checked
mpox_2_000157.jpg,2,Measles,হাম,get_it_checked
mpox_2_000158.jpg,2,Measles,হাম,get_it_checked
mpox_2_000159.jpg,2,Measles,হাম,get_it_checked
mpox_2_000160.jpg,2,Measles,হাম,get_it_checked
mpox_2_000161.jpg,2,Measles,হাম,get_it_checked
mpox_2_000162.jpg,2,Measles,হাম,get_it_checked
mpox_2_000163.jpg,2,Measles,হাম,get_it_checked
mpox_2_000164.jpg,2,Measles,হাম,get_it_checked
mpox_2_000165.jpg,2,Measles,হাম,get_it_checked
mpox_2_000166.jpg,2,Measles,হাম,get_it_checked
mpox_2_000167.jpg,2,Measles,হাম,get_it_checked
mpox_2_000168.jpg,2,Measles,হাম,get_it_checked
mpox_2_000169.jpg,2,Measles,হাম,get_it_checked
mpox_2_000170.jpg,2,Measles,হাম,get_it_checked
mpox_2_000171.jpg,2,Measles,হাম,get_it_checked
mpox_2_000172.jpg,2,Measles,হাম,get_it_checked
mpox_2_000173.jpg,2,Measles,হাম,get_it_checked
mpox_2_000174.jpg,2,Measles,হাম,get_it_checked
mpox_2_000175.jpg,2,Measles,হাম,get_it_checked
mpox_2_000176.jpg,2,Measles,হাম,get_it_checked
mpox_2_000177.jpg,2,Measles,হাম,get_it_checked
mpox_2_000178.jpg,2,Measles,হাম,get_it_checked
mpox_2_000179.jpg,2,Measles,হাম,get_it_checked
mpox_2_000180.jpg,2,Measles,হাম,get_it_checked
mpox_2_000181.jpg,2,Measles,হাম,get_it_checked
mpox_2_000182.jpg,2,Measles,হাম,get_it_checked
mpox_2_000183.jpg,2,Measles,হাম,get_it_checked
mpox_2_000184.jpg,2,Measles,হাম,get_it_checked
mpox_2_000185.jpg,2,Measles,হাম,get_it_checked
mpox_2_000186.jpg,2,Measles,হাম,get_it_checked
mpox_2_000187.jpg,2,Measles,হাম,get_it_checked
mpox_2_000188.jpg,2,Measles,হাম,get_it_checked
mpox_2_000189.jpg,2,Measles,হাম,get_it_checked
mpox_2_000190.jpg,2,Measles,হাম,get_it_checked
mpox_2_000191.jpg,2,Measles,হাম,get_it_checked
mpox_2_000192.jpg,2,Measles,হাম,get_it_checked
mpox_2_000193.jpg,2,Measles,হাম,get_it_checked
mpox_2_000194.jpg,2,Measles,হাম,get_it_checked
mpox_2_000195.jpg,2,Measles,হাম,get_it_checked
mpox_2_000196.jpg,2,Measles,হাম,get_it_checked
mpox_2_000197.jpg,2,Measles,হাম,get_it_checked
mpox_0_000198.jpg,0,Monkeypox,মাংকিপক্স সন্দেহ,see_doctor_soon
mpox_0_000199.jpg,0,Monkeypox,মাংকিপক্স সন্দেহ,see_doctor_soon
mpox_0_000200.jpg,0,Monkeypox,মাংকিপক্স সন্দেহ,see_doctor_soon
mpox_0_000201.jpg,0,Monkeypox,মাংকিপক্স সন্দেহ,see_doctor_soon
mpox_0_000202.jpg,0,Monkeypox,মাংকিপক্স সন্দেহ,see_doctor_soon
mpox_0_000203.jpg,0,Monkeypox,মাংকিপক্স সন্দেহ,see_doctor_soon
mpox_0_000204.jpg,0,Monkeypox,মাংকিপক্স সন্দেহ,see_doctor_soon
mpox_0_000205.jpg,0,Monkeypox,মাংকিপক্স সন্দেহ,see_doctor_soon
mpox_0_000206.jpg,0,Monkeypox,মাংকিপক্স সন্দেহ,see_doctor_soon
mpox_0_000207.jpg,0,Monkeypox,মাংকিপক্স সন্দেহ,see_doctor_soon
mpox_0_000208.jpg,0,Monkeypox,মাংকিপক্স সন্দেহ,see_doctor_soon
mpox_0_000209.jpg,0,Monkeypox,মাংকিপক্স সন্দেহ,see_doctor_soon
mpox_0_000210.jpg,0,Monkeypox,মাংকিপক্স সন্দেহ,see_doctor_soon
mpox_0_000211.jpg,0,Monkeypox,মাংকিপক্স সন্দেহ,see_doctor_soon
mpox_0_000212.jpg,0,Monkeypox,মাংকিপক্স সন্দেহ,see_doctor_soon
mpox_0_000213.jpg,0,Monkeypox,মাংকিপক্স সন্দেহ,see_doctor_soon
mpox_0_000214.jpg,0,Monkeypox,মাংকিপক্স সন্দেহ,see_doctor_soon
mpox_0_000215.jpg,0,Monkeypox,মাংকিপক্স সন্দেহ,see_doctor_soon
mpox_0_000216.jpg,0,Monkeypox,মাংকিপক্স সন্দেহ,see_doctor_soon
mpox_0_000217.jpg,0,Monkeypox,মাংকিপক্স সন্দেহ,see_doctor_soon
mpox_0_000218.jpg,0,Monkeypox,মাংকিপক্স সন্দেহ,see_doctor_soon
mpox_0_000219.jpg,0,Monkeypox,মাংকিপক্স সন্দেহ,see_doctor_soon
mpox_0_000220.jpg,0,Monkeypox,মাংকিপক্স সন্দেহ,see_doctor_soon
mpox_0_000221.jpg,0,Monkeypox,মাংকিপক্স সন্দেহ,see_doctor_soon
mpox_0_000222.jpg,0,Monkeypox,মাংকিপক্স সন্দেহ,see_doctor_soon
mpox_0_000223.jpg,0,Monkeypox,মাংকিপক্স সন্দেহ,see_doctor_soon
mpox_0_000224.jpg,0,Monkeypox,মাংকিপক্স সন্দেহ,see_doctor_soon
mpox_0_000225.jpg,0,Monkeypox,মাংকিপক্স সন্দেহ,see_doctor_soon
mpox_0_000226.jpg,0,Monkeypox,মাংকিপক্স সন্দেহ,see_doctor_soon
mpox_0_000227.jpg,0,Monkeypox,মাংকিপক্স সন্দেহ,see_doctor_soon
mpox_0_000228.jpg,0,Monkeypox,মাংকিপক্স সন্দেহ,see_doctor_soon
mpox_0_000229.jpg,0,Monkeypox,মাংকিপক্স সন্দেহ,see_doctor_soon
mpox_0_000230.jpg,0,Monkeypox,মাংকিপক্স সন্দেহ,see_doctor_soon
mpox_0_000231.jpg,0,Monkeypox,মাংকিপক্স সন্দেহ,see_doctor_soon
mpox_0_000232.jpg,0,Monkeypox,মাংকিপক্স সন্দেহ,see_doctor_soon
mpox_0_000233.jpg,0,Monkeypox,মাংকিপক্স সন্দেহ,see_doctor_soon
mpox_0_000234.jpg,0,Monkeypox,মাংকিপক্স সন্দেহ,see_doctor_soon
mpox_0_000235.jpg,0,Monkeypox,মাংকিপক্স সন্দেহ,see_doctor_soon
mpox_0_000236.jpg,0,Monkeypox,মাংকিপক্স সন্দেহ,see_doctor_soon
mpox_0_000237.jpg,0,Monkeypox,মাংকিপক্স সন্দেহ,see_doctor_soon
mpox_0_000238.jpg,0,Monkeypox,মাংকিপক্স সন্দেহ,see_doctor_soon
mpox_0_000239.jpg,0,Monkeypox,মাংকিপক্স সন্দেহ,see_doctor_soon
mpox_0_000240.jpg,0,Monkeypox,মাংকিপক্স সন্দেহ,see_doctor_soon
mpox_0_000241.jpg,0,Monkeypox,মাংকিপক্স সন্দেহ,see_doctor_soon
mpox_0_000242.jpg,0,Monkeypox,মাংকিপক্স সন্দেহ,see_doctor_soon
mpox_0_000243.jpg,0,Monkeypox,মাংকিপক্স সন্দেহ,see_doctor_soon
mpox_0_000244.jpg,0,Monkeypox,মাংকিপক্স সন্দেহ,see_doctor_soon
mpox_0_000245.jpg,0,Monkeypox,মাংকিপক্স সন্দেহ,see_doctor_soon
mpox_0_000246.jpg,0,Monkeypox,মাংকিপক্স সন্দেহ,see_doctor_soon
mpox_0_000247.jpg,0,Monkeypox,মাংকিপক্স সন্দেহ,see_doctor_soon
mpox_0_000248.jpg,0,Monkeypox,মাংকিপক্স সন্দেহ,see_doctor_soon
mpox_0_000249.jpg,0,Monkeypox,মাংকিপক্স সন্দেহ,see_doctor_soon
mpox_0_000250.jpg,0,Monkeypox,মাংকিপক্স সন্দেহ,see_doctor_soon
mpox_0_000251.jpg,0,Monkeypox,মাংকিপক্স সন্দেহ,see_doctor_soon
mpox_0_000252.jpg,0,Monkeypox,মাংকিপক্স সন্দেহ,see_doctor_soon
mpox_0_000253.jpg,0,Monkeypox,মাংকিপক্স সন্দেহ,see_doctor_soon
mpox_0_000254.jpg,0,Monkeypox,মাংকিপক্স সন্দেহ,see_doctor_soon
mpox_0_000255.jpg,0,Monkeypox,মাংকিপক্স সন্দেহ,see_doctor_soon
mpox_0_000256.jpg,0,Monkeypox,মাংকিপক্স সন্দেহ,see_doctor_soon
mpox_0_000257.jpg,0,Monkeypox,মাংকিপক্স সন্দেহ,see_doctor_soon
mpox_0_000258.jpg,0,Monkeypox,মাংকিপক্স সন্দেহ,see_doctor_soon
mpox_0_000259.jpg,0,Monkeypox,মাংকিপক্স সন্দেহ,see_doctor_soon
mpox_0_000260.jpg,0,Monkeypox,মাংকিপক্স সন্দেহ,see_doctor_soon
mpox_0_000261.jpg,0,Monkeypox,মাংকিপক্স সন্দেহ,see_doctor_soon
mpox_0_000262.jpg,0,Monkeypox,মাংকিপক্স সন্দেহ,see_doctor_soon
mpox_0_000263.jpg,0,Monkeypox,মাংকিপক্স সন্দেহ,see_doctor_soon
mpox_0_000264.jpg,0,Monkeypox,মাংকিপক্স সন্দেহ,see_doctor_soon
mpox_0_000265.jpg,0,Monkeypox,মাংকিপক্স সন্দেহ,see_doctor_soon
mpox_0_000266.jpg,0,Monkeypox,মাংকিপক্স সন্দেহ,see_doctor_soon
mpox_0_000267.jpg,0,Monkeypox,মাংকিপক্স সন্দেহ,see_doctor_soon
mpox_0_000268.jpg,0,Monkeypox,মাংকিপক্স সন্দেহ,see_doctor_soon
mpox_0_000269.jpg,0,Monkeypox,মাংকিপক্স সন্দেহ,see_doctor_soon
mpox_0_000270.jpg,0,Monkeypox,মাংকিপক্স সন্দেহ,see_doctor_soon
mpox_0_000271.jpg,0,Monkeypox,মাংকিপক্স সন্দেহ,see_doctor_soon
mpox_0_000272.jpg,0,Monkeypox,মাংকিপক্স সন্দেহ,see_doctor_soon
mpox_0_000273.jpg,0,Monkeypox,মাংকিপক্স সন্দেহ,see_doctor_soon
mpox_0_000274.jpg,0,Monkeypox,মাংকিপক্স সন্দেহ,see_doctor_soon
mpox_0_000275.jpg,0,Monkeypox,মাংকিপক্স সন্দেহ,see_doctor_soon
mpox_0_000276.jpg,0,Monkeypox,মাংকিপক্স সন্দেহ,see_doctor_soon
mpox_0_000277.jpg,0,Monkeypox,মাংকিপক্স সন্দেহ,see_doctor_soon
mpox_0_000278.jpg,0,Monkeypox,মাংকিপক্স সন্দেহ,see_doctor_soon
mpox_0_000279.jpg,0,Monkeypox,মাংকিপক্স সন্দেহ,see_doctor_soon
mpox_0_000280.jpg,0,Monkeypox,মাংকিপক্স সন্দেহ,see_doctor_soon
mpox_0_000281.jpg,0,Monkeypox,মাংকিপক্স সন্দেহ,see_doctor_soon
mpox_0_000282.jpg,0,Monkeypox,মাংকিপক্স সন্দেহ,see_doctor_soon
mpox_0_000283.jpg,0,Monkeypox,মাংকিপক্স সন্দেহ,see_doctor_soon
mpox_0_000284.jpg,0,Monkeypox,মাংকিপক্স সন্দেহ,see_doctor_soon
mpox_0_000285.jpg,0,Monkeypox,মাংকিপক্স সন্দেহ,see_doctor_soon
mpox_0_000286.jpg,0,Monkeypox,মাংকিপক্স সন্দেহ,see_doctor_soon
mpox_0_000287.jpg,0,Monkeypox,মাংকিপক্স সন্দেহ,see_doctor_soon
mpox_0_000288.jpg,0,Monkeypox,মাংকিপক্স সন্দেহ,see_doctor_soon
mpox_0_000289.jpg,0,Monkeypox,মাংকিপক্স সন্দেহ,see_doctor_soon
mpox_0_000290.jpg,0,Monkeypox,মাংকিপক্স সন্দেহ,see_doctor_soon
mpox_0_000291.jpg,0,Monkeypox,মাংকিপক্স সন্দেহ,see_doctor_soon
mpox_0_000292.jpg,0,Monkeypox,মাংকিপক্স সন্দেহ,see_doctor_soon
mpox_0_000293.jpg,0,Monkeypox,মাংকিপক্স সন্দেহ,see_doctor_soon
mpox_0_000294.jpg,0,Monkeypox,মাংকিপক্স সন্দেহ,see_doctor_soon
mpox_0_000295.jpg,0,Monkeypox,মাংকিপক্স সন্দেহ,see_doctor_soon
mpox_0_000296.jpg,0,Monkeypox,মাংকিপক্স সন্দেহ,see_doctor_soon
mpox_0_000297.jpg,0,Monkeypox,মাংকিপক্স সন্দেহ,see_doctor_soon
mpox_0_000298.jpg,0,Monkeypox,মাংকিপক্স সন্দেহ,see_doctor_soon
mpox_0_000299.jpg,0,Monkeypox,মাংকিপক্স সন্দেহ,see_doctor_soon
mpox_0_000300.jpg,0,Monkeypox,মাংকিপক্স সন্দেহ,see_doctor_soon
mpox_0_000301.jpg,0,Monkeypox,মাংকিপক্স সন্দেহ,see_doctor_soon
mpox_0_000302.jpg,0,Monkeypox,মাংকিপক্স সন্দেহ,see_doctor_soon
mpox_0_000303.jpg,0,Monkeypox,মাংকিপক্স সন্দেহ,see_doctor_soon
mpox_0_000304.jpg,0,Monkeypox,মাংকিপক্স সন্দেহ,see_doctor_soon
mpox_0_000305.jpg,0,Monkeypox,মাংকিপক্স সন্দেহ,see_doctor_soon
mpox_0_000306.jpg,0,Monkeypox,মাংকিপক্স সন্দেহ,see_doctor_soon
mpox_0_000307.jpg,0,Monkeypox,মাংকিপক্স সন্দেহ,see_doctor_soon
mpox_0_000308.jpg,0,Monkeypox,মাংকিপক্স সন্দেহ,see_doctor_soon
mpox_0_000309.jpg,0,Monkeypox,মাংকিপক্স সন্দেহ,see_doctor_soon
mpox_0_000310.jpg,0,Monkeypox,মাংকিপক্স সন্দেহ,see_doctor_soon
mpox_0_000311.jpg,0,Monkeypox,মাংকিপক্স সন্দেহ,see_doctor_soon
mpox_0_000312.jpg,0,Monkeypox,মাংকিপক্স সন্দেহ,see_doctor_soon
mpox_0_000313.jpg,0,Monkeypox,মাংকিপক্স সন্দেহ,see_doctor_soon
mpox_0_000314.jpg,0,Monkeypox,মাংকিপক্স সন্দেহ,see_doctor_soon
mpox_0_000315.jpg,0,Monkeypox,মাংকিপক্স সন্দেহ,see_doctor_soon
mpox_0_000316.jpg,0,Monkeypox,মাংকিপক্স সন্দেহ,see_doctor_soon
mpox_0_000317.jpg,0,Monkeypox,মাংকিপক্স সন্দেহ,see_doctor_soon
mpox_0_000318.jpg,0,Monkeypox,মাংকিপক্স সন্দেহ,see_doctor_soon
mpox_0_000319.jpg,0,Monkeypox,মাংকিপক্স সন্দেহ,see_doctor_soon
mpox_0_000320.jpg,0,Monkeypox,মাংকিপক্স সন্দেহ,see_doctor_soon
mpox_0_000321.jpg,0,Monkeypox,মাংকিপক্স সন্দেহ,see_doctor_soon
mpox_0_000322.jpg,0,Monkeypox,মাংকিপক্স সন্দেহ,see_doctor_soon
mpox_0_000323.jpg,0,Monkeypox,মাংকিপক্স সন্দেহ,see_doctor_soon
mpox_0_000324.jpg,0,Monkeypox,মাংকিপক্স সন্দেহ,see_doctor_soon
mpox_0_000325.jpg,0,Monkeypox,মাংকিপক্স সন্দেহ,see_doctor_soon
mpox_0_000326.jpg,0,Monkeypox,মাংকিপক্স সন্দেহ,see_doctor_soon
mpox_0_000327.jpg,0,Monkeypox,মাংকিপক্স সন্দেহ,see_doctor_soon
mpox_0_000328.jpg,0,Monkeypox,মাংকিপক্স সন্দেহ,see_doctor_soon
mpox_0_000329.jpg,0,Monkeypox,মাংকিপক্স সন্দেহ,see_doctor_soon
mpox_0_000330.jpg,0,Monkeypox,মাংকিপক্স সন্দেহ,see_doctor_soon
mpox_0_000331.jpg,0,Monkeypox,মাংকিপক্স সন্দেহ,see_doctor_soon
mpox_0_000332.jpg,0,Monkeypox,মাংকিপক্স সন্দেহ,see_doctor_soon
mpox_0_000333.jpg,0,Monkeypox,মাংকিপক্স সন্দেহ,see_doctor_soon
mpox_0_000334.jpg,0,Monkeypox,মাংকিপক্স সন্দেহ,see_doctor_soon
mpox_0_000335.jpg,0,Monkeypox,মাংকিপক্স সন্দেহ,see_doctor_soon
mpox_0_000336.jpg,0,Monkeypox,মাংকিপক্স সন্দেহ,see_doctor_soon
mpox_0_000337.jpg,0,Monkeypox,মাংকিপক্স সন্দেহ,see_doctor_soon
mpox_0_000338.jpg,0,Monkeypox,মাংকিপক্স সন্দেহ,see_doctor_soon
mpox_0_000339.jpg,0,Monkeypox,মাংকিপক্স সন্দেহ,see_doctor_soon
mpox_0_000340.jpg,0,Monkeypox,মাংকিপক্স সন্দেহ,see_doctor_soon
mpox_0_000341.jpg,0,Monkeypox,মাংকিপক্স সন্দেহ,see_doctor_soon
mpox_0_000342.jpg,0,Monkeypox,মাংকিপক্স সন্দেহ,see_doctor_soon
mpox_0_000343.jpg,0,Monkeypox,মাংকিপক্স সন্দেহ,see_doctor_soon
mpox_0_000344.jpg,0,Monkeypox,মাংকিপক্স সন্দেহ,see_doctor_soon
mpox_0_000345.jpg,0,Monkeypox,মাংকিপক্স সন্দেহ,see_doctor_soon
mpox_0_000346.jpg,0,Monkeypox,মাংকিপক্স সন্দেহ,see_doctor_soon
mpox_0_000347.jpg,0,Monkeypox,মাংকিপক্স সন্দেহ,see_doctor_soon
mpox_0_000348.jpg,0,Monkeypox,মাংকিপক্স সন্দেহ,see_doctor_soon
mpox_0_000349.jpg,0,Monkeypox,মাংকিপক্স সন্দেহ,see_doctor_soon
mpox_0_000350.jpg,0,Monkeypox,মাংকিপক্স সন্দেহ,see_doctor_soon
mpox_0_000351.jpg,0,Monkeypox,মাংকিপক্স সন্দেহ,see_doctor_soon
mpox_0_000352.jpg,0,Monkeypox,মাংকিপক্স সন্দেহ,see_doctor_soon
mpox_0_000353.jpg,0,Monkeypox,মাংকিপক্স সন্দেহ,see_doctor_soon
mpox_0_000354.jpg,0,Monkeypox,মাংকিপক্স সন্দেহ,see_doctor_soon
mpox_0_000355.jpg,0,Monkeypox,মাংকিপক্স সন্দেহ,see_doctor_soon
mpox_0_000356.jpg,0,Monkeypox,মাংকিপক্স সন্দেহ,see_doctor_soon
mpox_0_000357.jpg,0,Monkeypox,মাংকিপক্স সন্দেহ,see_doctor_soon
mpox_0_000358.jpg,0,Monkeypox,মাংকিপক্স সন্দেহ,see_doctor_soon
mpox_0_000359.jpg,0,Monkeypox,মাংকিপক্স সন্দেহ,see_doctor_soon
mpox_0_000360.jpg,0,Monkeypox,মাংকিপক্স সন্দেহ,see_doctor_soon
mpox_0_000361.jpg,0,Monkeypox,মাংকিপক্স সন্দেহ,see_doctor_soon
mpox_0_000362.jpg,0,Monkeypox,মাংকিপক্স সন্দেহ,see_doctor_soon
mpox_0_000363.jpg,0,Monkeypox,মাংকিপক্স সন্দেহ,see_doctor_soon
mpox_0_000364.jpg,0,Monkeypox,মাংকিপক্স সন্দেহ,see_doctor_soon
mpox_0_000365.jpg,0,Monkeypox,মাংকিপক্স সন্দেহ,see_doctor_soon
mpox_0_000366.jpg,0,Monkeypox,মাংকিপক্স সন্দেহ,see_doctor_soon
mpox_0_000367.jpg,0,Monkeypox,মাংকিপক্স সন্দেহ,see_doctor_soon
mpox_0_000368.jpg,0,Monkeypox,মাংকিপক্স সন্দেহ,see_doctor_soon
mpox_0_000369.jpg,0,Monkeypox,মাংকিপক্স সন্দেহ,see_doctor_soon
mpox_0_000370.jpg,0,Monkeypox,মাংকিপক্স সন্দেহ,see_doctor_soon
mpox_0_000371.jpg,0,Monkeypox,মাংকিপক্স সন্দেহ,see_doctor_soon
mpox_0_000372.jpg,0,Monkeypox,মাংকিপক্স সন্দেহ,see_doctor_soon
mpox_0_000373.jpg,0,Monkeypox,মাংকিপক্স সন্দেহ,see_doctor_soon
mpox_0_000374.jpg,0,Monkeypox,মাংকিপক্স সন্দেহ,see_doctor_soon
mpox_0_000375.jpg,0,Monkeypox,মাংকিপক্স সন্দেহ,see_doctor_soon
mpox_0_000376.jpg,0,Monkeypox,মাংকিপক্স সন্দেহ,see_doctor_soon
mpox_0_000377.jpg,0,Monkeypox,মাংকিপক্স সন্দেহ,see_doctor_soon
mpox_0_000378.jpg,0,Monkeypox,মাংকিপক্স সন্দেহ,see_doctor_soon
mpox_0_000379.jpg,0,Monkeypox,মাংকিপক্স সন্দেহ,see_doctor_soon
mpox_0_000380.jpg,0,Monkeypox,মাংকিপক্স সন্দেহ,see_doctor_soon
mpox_0_000381.jpg,0,Monkeypox,মাংকিপক্স সন্দেহ,see_doctor_soon
mpox_0_000382.jpg,0,Monkeypox,মাংকিপক্স সন্দেহ,see_doctor_soon
mpox_0_000383.jpg,0,Monkeypox,মাংকিপক্স সন্দেহ,see_doctor_soon
mpox_0_000384.jpg,0,Monkeypox,মাংকিপক্স সন্দেহ,see_doctor_soon
mpox_0_000385.jpg,0,Monkeypox,মাংকিপক্স সন্দেহ,see_doctor_soon
mpox_0_000386.jpg,0,Monkeypox,মাংকিপক্স সন্দেহ,see_doctor_soon
mpox_0_000387.jpg,0,Monkeypox,মাংকিপক্স সন্দেহ,see_doctor_soon
mpox_0_000388.jpg,0,Monkeypox,মাংকিপক্স সন্দেহ,see_doctor_soon
mpox_0_000389.jpg,0,Monkeypox,মাংকিপক্স সন্দেহ,see_doctor_soon
mpox_0_000390.jpg,0,Monkeypox,মাংকিপক্স সন্দেহ,see_doctor_soon
mpox_0_000391.jpg,0,Monkeypox,মাংকিপক্স সন্দেহ,see_doctor_soon
mpox_0_000392.jpg,0,Monkeypox,মাংকিপক্স সন্দেহ,see_doctor_soon
mpox_0_000393.jpg,0,Monkeypox,মাংকিপক্স সন্দেহ,see_doctor_soon
mpox_0_000394.jpg,0,Monkeypox,মাংকিপক্স সন্দেহ,see_doctor_soon
mpox_0_000395.jpg,0,Monkeypox,মাংকিপক্স সন্দেহ,see_doctor_soon
mpox_0_000396.jpg,0,Monkeypox,মাংকিপক্স সন্দেহ,see_doctor_soon
mpox_0_000397.jpg,0,Monkeypox,মাংকিপক্স সন্দেহ,see_doctor_soon
mpox_0_000398.jpg,0,Monkeypox,মাংকিপক্স সন্দেহ,see_doctor_soon
mpox_0_000399.jpg,0,Monkeypox,মাংকিপক্স সন্দেহ,see_doctor_soon
mpox_0_000400.jpg,0,Monkeypox,মাংকিপক্স সন্দেহ,see_doctor_soon
mpox_0_000401.jpg,0,Monkeypox,মাংকিপক্স সন্দেহ,see_doctor_soon
mpox_0_000402.jpg,0,Monkeypox,মাংকিপক্স সন্দেহ,see_doctor_soon
mpox_0_000403.jpg,0,Monkeypox,মাংকিপক্স সন্দেহ,see_doctor_soon
mpox_0_000404.jpg,0,Monkeypox,মাংকিপক্স সন্দেহ,see_doctor_soon
mpox_0_000405.jpg,0,Monkeypox,মাংকিপক্স সন্দেহ,see_doctor_soon
mpox_0_000406.jpg,0,Monkeypox,মাংকিপক্স সন্দেহ,see_doctor_soon
mpox_0_000407.jpg,0,Monkeypox,মাংকিপক্স সন্দেহ,see_doctor_soon
mpox_0_000408.jpg,0,Monkeypox,মাংকিপক্স সন্দেহ,see_doctor_soon
mpox_0_000409.jpg,0,Monkeypox,মাংকিপক্স সন্দেহ,see_doctor_soon
mpox_0_000410.jpg,0,Monkeypox,মাংকিপক্স সন্দেহ,see_doctor_soon
mpox_0_000411.jpg,0,Monkeypox,মাংকিপক্স সন্দেহ,see_doctor_soon
mpox_0_000412.jpg,0,Monkeypox,মাংকিপক্স সন্দেহ,see_doctor_soon
mpox_0_000413.jpg,0,Monkeypox,মাংকিপক্স সন্দেহ,see_doctor_soon
mpox_0_000414.jpg,0,Monkeypox,মাংকিপক্স সন্দেহ,see_doctor_soon
mpox_0_000415.jpg,0,Monkeypox,মাংকিপক্স সন্দেহ,see_doctor_soon
mpox_0_000416.jpg,0,Monkeypox,মাংকিপক্স সন্দেহ,see_doctor_soon
mpox_0_000417.jpg,0,Monkeypox,মাংকিপক্স সন্দেহ,see_doctor_soon
mpox_0_000418.jpg,0,Monkeypox,মাংকিপক্স সন্দেহ,see_doctor_soon
mpox_0_000419.jpg,0,Monkeypox,মাংকিপক্স সন্দেহ,see_doctor_soon
mpox_0_000420.jpg,0,Monkeypox,মাংকিপক্স সন্দেহ,see_doctor_soon
mpox_0_000421.jpg,0,Monkeypox,মাংকিপক্স সন্দেহ,see_doctor_soon
mpox_0_000422.jpg,0,Monkeypox,মাংকিপক্স সন্দেহ,see_doctor_soon
mpox_0_000423.jpg,0,Monkeypox,মাংকিপক্স সন্দেহ,see_doctor_soon
mpox_0_000424.jpg,0,Monkeypox,মাংকিপক্স সন্দেহ,see_doctor_soon
mpox_0_000425.jpg,0,Monkeypox,মাংকিপক্স সন্দেহ,see_doctor_soon
mpox_0_000426.jpg,0,Monkeypox,মাংকিপক্স সন্দেহ,see_doctor_soon
mpox_0_000427.jpg,0,Monkeypox,মাংকিপক্স সন্দেহ,see_doctor_soon
mpox_0_000428.jpg,0,Monkeypox,মাংকিপক্স সন্দেহ,see_doctor_soon
mpox_0_000429.jpg,0,Monkeypox,মাংকিপক্স সন্দেহ,see_doctor_soon
mpox_0_000430.jpg,0,Monkeypox,মাংকিপক্স সন্দেহ,see_doctor_soon
mpox_0_000431.jpg,0,Monkeypox,মাংকিপক্স সন্দেহ,see_doctor_soon
mpox_0_000432.jpg,0,Monkeypox,মাংকিপক্স সন্দেহ,see_doctor_soon
mpox_0_000433.jpg,0,Monkeypox,মাংকিপক্স সন্দেহ,see_doctor_soon
mpox_0_000434.jpg,0,Monkeypox,মাংকিপক্স সন্দেহ,see_doctor_soon
mpox_0_000435.jpg,0,Monkeypox,মাংকিপক্স সন্দেহ,see_doctor_soon
mpox_0_000436.jpg,0,Monkeypox,মাংকিপক্স সন্দেহ,see_doctor_soon
mpox_0_000437.jpg,0,Monkeypox,মাংকিপক্স সন্দেহ,see_doctor_soon
mpox_0_000438.jpg,0,Monkeypox,মাংকিপক্স সন্দেহ,see_doctor_soon
mpox_0_000439.jpg,0,Monkeypox,মাংকিপক্স সন্দেহ,see_doctor_soon
mpox_0_000440.jpg,0,Monkeypox,মাংকিপক্স সন্দেহ,see_doctor_soon
mpox_0_000441.jpg,0,Monkeypox,মাংকিপক্স সন্দেহ,see_doctor_soon
mpox_0_000442.jpg,0,Monkeypox,মাংকিপক্স সন্দেহ,see_doctor_soon
mpox_0_000443.jpg,0,Monkeypox,মাংকিপক্স সন্দেহ,see_doctor_soon
mpox_0_000444.jpg,0,Monkeypox,মাংকিপক্স সন্দেহ,see_doctor_soon
mpox_0_000445.jpg,0,Monkeypox,মাংকিপক্স সন্দেহ,see_doctor_soon
mpox_0_000446.jpg,0,Monkeypox,মাংকিপক্স সন্দেহ,see_doctor_soon
mpox_0_000447.jpg,0,Monkeypox,মাংকিপক্স সন্দেহ,see_doctor_soon
mpox_0_000448.jpg,0,Monkeypox,মাংকিপক্স সন্দেহ,see_doctor_soon
mpox_0_000449.jpg,0,Monkeypox,মাংকিপক্স সন্দেহ,see_doctor_soon
mpox_0_000450.jpg,0,Monkeypox,মাংকিপক্স সন্দেহ,see_doctor_soon
mpox_0_000451.jpg,0,Monkeypox,মাংকিপক্স সন্দেহ,see_doctor_soon
mpox_0_000452.jpg,0,Monkeypox,মাংকিপক্স সন্দেহ,see_doctor_soon
mpox_0_000453.jpg,0,Monkeypox,মাংকিপক্স সন্দেহ,see_doctor_soon
mpox_0_000454.jpg,0,Monkeypox,মাংকিপক্স সন্দেহ,see_doctor_soon
mpox_0_000455.jpg,0,Monkeypox,মাংকিপক্স সন্দেহ,see_doctor_soon
mpox_0_000456.jpg,0,Monkeypox,মাংকিপক্স সন্দেহ,see_doctor_soon
mpox_0_000457.jpg,0,Monkeypox,মাংকিপক্স সন্দেহ,see_doctor_soon
mpox_0_000458.jpg,0,Monkeypox,মাংকিপক্স সন্দেহ,see_doctor_soon
mpox_0_000459.jpg,0,Monkeypox,মাংকিপক্স সন্দেহ,see_doctor_soon
mpox_0_000460.jpg,0,Monkeypox,মাংকিপক্স সন্দেহ,see_doctor_soon
mpox_0_000461.jpg,0,Monkeypox,মাংকিপক্স সন্দেহ,see_doctor_soon
mpox_0_000462.jpg,0,Monkeypox,মাংকিপক্স সন্দেহ,see_doctor_soon
mpox_0_000463.jpg,0,Monkeypox,মাংকিপক্স সন্দেহ,see_doctor_soon
mpox_0_000464.jpg,0,Monkeypox,মাংকিপক্স সন্দেহ,see_doctor_soon
mpox_0_000465.jpg,0,Monkeypox,মাংকিপক্স সন্দেহ,see_doctor_soon
mpox_0_000466.jpg,0,Monkeypox,মাংকিপক্স সন্দেহ,see_doctor_soon
mpox_0_000467.jpg,0,Monkeypox,মাংকিপক্স সন্দেহ,see_doctor_soon
mpox_0_000468.jpg,0,Monkeypox,মাংকিপক্স সন্দেহ,see_doctor_soon
mpox_0_000469.jpg,0,Monkeypox,মাংকিপক্স সন্দেহ,see_doctor_soon
mpox_0_000470.jpg,0,Monkeypox,মাংকিপক্স সন্দেহ,see_doctor_soon
mpox_0_000471.jpg,0,Monkeypox,মাংকিপক্স সন্দেহ,see_doctor_soon
mpox_0_000472.jpg,0,Monkeypox,মাংকিপক্স সন্দেহ,see_doctor_soon
mpox_0_000473.jpg,0,Monkeypox,মাংকিপক্স সন্দেহ,see_doctor_soon
mpox_0_000474.jpg,0,Monkeypox,মাংকিপক্স সন্দেহ,see_doctor_soon
mpox_0_000475.jpg,0,Monkeypox,মাংকিপক্স সন্দেহ,see_doctor_soon
mpox_0_000476.jpg,0,Monkeypox,মাংকিপক্স সন্দেহ,see_doctor_soon
mpox_3_000477.jpg,3,Normal,স্বাভাবিক ত্বক,watch_it
mpox_3_000478.jpg,3,Normal,স্বাভাবিক ত্বক,watch_it
mpox_3_000479.jpg,3,Normal,স্বাভাবিক ত্বক,watch_it
mpox_3_000480.jpg,3,Normal,স্বাভাবিক ত্বক,watch_it
mpox_3_000481.jpg,3,Normal,স্বাভাবিক ত্বক,watch_it
mpox_3_000482.jpg,3,Normal,স্বাভাবিক ত্বক,watch_it
mpox_3_000483.jpg,3,Normal,স্বাভাবিক ত্বক,watch_it
mpox_3_000484.jpg,3,Normal,স্বাভাবিক ত্বক,watch_it
mpox_3_000485.jpg,3,Normal,স্বাভাবিক ত্বক,watch_it
mpox_3_000486.jpg,3,Normal,স্বাভাবিক ত্বক,watch_it
mpox_3_000487.jpg,3,Normal,স্বাভাবিক ত্বক,watch_it
mpox_3_000488.jpg,3,Normal,স্বাভাবিক ত্বক,watch_it
mpox_3_000489.jpg,3,Normal,স্বাভাবিক ত্বক,watch_it
mpox_3_000490.jpg,3,Normal,স্বাভাবিক ত্বক,watch_it
mpox_3_000491.jpg,3,Normal,স্বাভাবিক ত্বক,watch_it
mpox_3_000492.jpg,3,Normal,স্বাভাবিক ত্বক,watch_it
mpox_3_000493.jpg,3,Normal,স্বাভাবিক ত্বক,watch_it
mpox_3_000494.jpg,3,Normal,স্বাভাবিক ত্বক,watch_it
mpox_3_000495.jpg,3,Normal,স্বাভাবিক ত্বক,watch_it
mpox_3_000496.jpg,3,Normal,স্বাভাবিক ত্বক,watch_it
mpox_3_000497.jpg,3,Normal,স্বাভাবিক ত্বক,watch_it
mpox_3_000498.jpg,3,Normal,স্বাভাবিক ত্বক,watch_it
mpox_3_000499.jpg,3,Normal,স্বাভাবিক ত্বক,watch_it
mpox_3_000500.jpg,3,Normal,স্বাভাবিক ত্বক,watch_it
mpox_3_000501.jpg,3,Normal,স্বাভাবিক ত্বক,watch_it
mpox_3_000502.jpg,3,Normal,স্বাভাবিক ত্বক,watch_it
mpox_3_000503.jpg,3,Normal,স্বাভাবিক ত্বক,watch_it
mpox_3_000504.jpg,3,Normal,স্বাভাবিক ত্বক,watch_it
mpox_3_000505.jpg,3,Normal,স্বাভাবিক ত্বক,watch_it
mpox_3_000506.jpg,3,Normal,স্বাভাবিক ত্বক,watch_it
mpox_3_000507.jpg,3,Normal,স্বাভাবিক ত্বক,watch_it
mpox_3_000508.jpg,3,Normal,স্বাভাবিক ত্বক,watch_it
mpox_3_000509.jpg,3,Normal,স্বাভাবিক ত্বক,watch_it
mpox_3_000510.jpg,3,Normal,স্বাভাবিক ত্বক,watch_it
mpox_3_000511.jpg,3,Normal,স্বাভাবিক ত্বক,watch_it
mpox_3_000512.jpg,3,Normal,স্বাভাবিক ত্বক,watch_it
mpox_3_000513.jpg,3,Normal,স্বাভাবিক ত্বক,watch_it
mpox_3_000514.jpg,3,Normal,স্বাভাবিক ত্বক,watch_it
mpox_3_000515.jpg,3,Normal,স্বাভাবিক ত্বক,watch_it
mpox_3_000516.jpg,3,Normal,স্বাভাবিক ত্বক,watch_it
mpox_3_000517.jpg,3,Normal,স্বাভাবিক ত্বক,watch_it
mpox_3_000518.jpg,3,Normal,স্বাভাবিক ত্বক,watch_it
mpox_3_000519.jpg,3,Normal,স্বাভাবিক ত্বক,watch_it
mpox_3_000520.jpg,3,Normal,স্বাভাবিক ত্বক,watch_it
mpox_3_000521.jpg,3,Normal,স্বাভাবিক ত্বক,watch_it
mpox_3_000522.jpg,3,Normal,স্বাভাবিক ত্বক,watch_it
mpox_3_000523.jpg,3,Normal,স্বাভাবিক ত্বক,watch_it
mpox_3_000524.jpg,3,Normal,স্বাভাবিক ত্বক,watch_it
mpox_3_000525.jpg,3,Normal,স্বাভাবিক ত্বক,watch_it
mpox_3_000526.jpg,3,Normal,স্বাভাবিক ত্বক,watch_it
mpox_3_000527.jpg,3,Normal,স্বাভাবিক ত্বক,watch_it
mpox_3_000528.jpg,3,Normal,স্বাভাবিক ত্বক,watch_it
mpox_3_000529.jpg,3,Normal,স্বাভাবিক ত্বক,watch_it
mpox_3_000530.jpg,3,Normal,স্বাভাবিক ত্বক,watch_it
mpox_3_000531.jpg,3,Normal,স্বাভাবিক ত্বক,watch_it
mpox_3_000532.jpg,3,Normal,স্বাভাবিক ত্বক,watch_it
mpox_3_000533.jpg,3,Normal,স্বাভাবিক ত্বক,watch_it
mpox_3_000534.jpg,3,Normal,স্বাভাবিক ত্বক,watch_it
mpox_3_000535.jpg,3,Normal,স্বাভাবিক ত্বক,watch_it
mpox_3_000536.jpg,3,Normal,স্বাভাবিক ত্বক,watch_it
mpox_3_000537.jpg,3,Normal,স্বাভাবিক ত্বক,watch_it
mpox_3_000538.jpg,3,Normal,স্বাভাবিক ত্বক,watch_it
mpox_3_000539.jpg,3,Normal,স্বাভাবিক ত্বক,watch_it
mpox_3_000540.jpg,3,Normal,স্বাভাবিক ত্বক,watch_it
mpox_3_000541.jpg,3,Normal,স্বাভাবিক ত্বক,watch_it
mpox_3_000542.jpg,3,Normal,স্বাভাবিক ত্বক,watch_it
mpox_3_000543.jpg,3,Normal,স্বাভাবিক ত্বক,watch_it
mpox_3_000544.jpg,3,Normal,স্বাভাবিক ত্বক,watch_it
mpox_3_000545.jpg,3,Normal,স্বাভাবিক ত্বক,watch_it
mpox_3_000546.jpg,3,Normal,স্বাভাবিক ত্বক,watch_it
mpox_3_000547.jpg,3,Normal,স্বাভাবিক ত্বক,watch_it
mpox_3_000548.jpg,3,Normal,স্বাভাবিক ত্বক,watch_it
mpox_3_000549.jpg,3,Normal,স্বাভাবিক ত্বক,watch_it
mpox_3_000550.jpg,3,Normal,স্বাভাবিক ত্বক,watch_it
mpox_3_000551.jpg,3,Normal,স্বাভাবিক ত্বক,watch_it
mpox_3_000552.jpg,3,Normal,স্বাভাবিক ত্বক,watch_it
mpox_3_000553.jpg,3,Normal,স্বাভাবিক ত্বক,watch_it
mpox_3_000554.jpg,3,Normal,স্বাভাবিক ত্বক,watch_it
mpox_3_000555.jpg,3,Normal,স্বাভাবিক ত্বক,watch_it
mpox_3_000556.jpg,3,Normal,স্বাভাবিক ত্বক,watch_it
mpox_3_000557.jpg,3,Normal,স্বাভাবিক ত্বক,watch_it
mpox_3_000558.jpg,3,Normal,স্বাভাবিক ত্বক,watch_it
mpox_3_000559.jpg,3,Normal,স্বাভাবিক ত্বক,watch_it
mpox_3_000560.jpg,3,Normal,স্বাভাবিক ত্বক,watch_it
mpox_3_000561.jpg,3,Normal,স্বাভাবিক ত্বক,watch_it
mpox_3_000562.jpg,3,Normal,স্বাভাবিক ত্বক,watch_it
mpox_3_000563.jpg,3,Normal,স্বাভাবিক ত্বক,watch_it
mpox_3_000564.jpg,3,Normal,স্বাভাবিক ত্বক,watch_it
mpox_3_000565.jpg,3,Normal,স্বাভাবিক ত্বক,watch_it
mpox_3_000566.jpg,3,Normal,স্বাভাবিক ত্বক,watch_it
mpox_3_000567.jpg,3,Normal,স্বাভাবিক ত্বক,watch_it
mpox_3_000568.jpg,3,Normal,স্বাভাবিক ত্বক,watch_it
mpox_3_000569.jpg,3,Normal,স্বাভাবিক ত্বক,watch_it
mpox_3_000570.jpg,3,Normal,স্বাভাবিক ত্বক,watch_it
mpox_3_000571.jpg,3,Normal,স্বাভাবিক ত্বক,watch_it
mpox_3_000572.jpg,3,Normal,স্বাভাবিক ত্বক,watch_it
mpox_3_000573.jpg,3,Normal,স্বাভাবিক ত্বক,watch_it
mpox_3_000574.jpg,3,Normal,স্বাভাবিক ত্বক,watch_it
mpox_3_000575.jpg,3,Normal,স্বাভাবিক ত্বক,watch_it
mpox_3_000576.jpg,3,Normal,স্বাভাবিক ত্বক,watch_it
mpox_3_000577.jpg,3,Normal,স্বাভাবিক ত্বক,watch_it
mpox_3_000578.jpg,3,Normal,স্বাভাবিক ত্বক,watch_it
mpox_3_000579.jpg,3,Normal,স্বাভাবিক ত্বক,watch_it
mpox_3_000580.jpg,3,Normal,স্বাভাবিক ত্বক,watch_it
mpox_3_000581.jpg,3,Normal,স্বাভাবিক ত্বক,watch_it
mpox_3_000582.jpg,3,Normal,স্বাভাবিক ত্বক,watch_it
mpox_3_000583.jpg,3,Normal,স্বাভাবিক ত্বক,watch_it
mpox_3_000584.jpg,3,Normal,স্বাভাবিক ত্বক,watch_it
mpox_3_000585.jpg,3,Normal,স্বাভাবিক ত্বক,watch_it
mpox_3_000586.jpg,3,Normal,স্বাভাবিক ত্বক,watch_it
mpox_3_000587.jpg,3,Normal,স্বাভাবিক ত্বক,watch_it
mpox_3_000588.jpg,3,Normal,স্বাভাবিক ত্বক,watch_it
mpox_3_000589.jpg,3,Normal,স্বাভাবিক ত্বক,watch_it
mpox_3_000590.jpg,3,Normal,স্বাভাবিক ত্বক,watch_it
mpox_3_000591.jpg,3,Normal,স্বাভাবিক ত্বক,watch_it
mpox_3_000592.jpg,3,Normal,স্বাভাবিক ত্বক,watch_it
mpox_3_000593.jpg,3,Normal,স্বাভাবিক ত্বক,watch_it
mpox_3_000594.jpg,3,Normal,স্বাভাবিক ত্বক,watch_it
mpox_3_000595.jpg,3,Normal,স্বাভাবিক ত্বক,watch_it
mpox_3_000596.jpg,3,Normal,স্বাভাবিক ত্বক,watch_it
mpox_3_000597.jpg,3,Normal,স্বাভাবিক ত্বক,watch_it
mpox_3_000598.jpg,3,Normal,স্বাভাবিক ত্বক,watch_it
mpox_3_000599.jpg,3,Normal,স্বাভাবিক ত্বক,watch_it
mpox_3_000600.jpg,3,Normal,স্বাভাবিক ত্বক,watch_it
mpox_3_000601.jpg,3,Normal,স্বাভাবিক ত্বক,watch_it
mpox_3_000602.jpg,3,Normal,স্বাভাবিক ত্বক,watch_it
mpox_3_000603.jpg,3,Normal,স্বাভাবিক ত্বক,watch_it
mpox_3_000604.jpg,3,Normal,স্বাভাবিক ত্বক,watch_it
mpox_3_000605.jpg,3,Normal,স্বাভাবিক ত্বক,watch_it
mpox_3_000606.jpg,3,Normal,স্বাভাবিক ত্বক,watch_it
mpox_3_000607.jpg,3,Normal,স্বাভাবিক ত্বক,watch_it
mpox_3_000608.jpg,3,Normal,স্বাভাবিক ত্বক,watch_it
mpox_3_000609.jpg,3,Normal,স্বাভাবিক ত্বক,watch_it
mpox_3_000610.jpg,3,Normal,স্বাভাবিক ত্বক,watch_it
mpox_3_000611.jpg,3,Normal,স্বাভাবিক ত্বক,watch_it
mpox_3_000612.jpg,3,Normal,স্বাভাবিক ত্বক,watch_it
mpox_3_000613.jpg,3,Normal,স্বাভাবিক ত্বক,watch_it
mpox_3_000614.jpg,3,Normal,স্বাভাবিক ত্বক,watch_it
mpox_3_000615.jpg,3,Normal,স্বাভাবিক ত্বক,watch_it
mpox_3_000616.jpg,3,Normal,স্বাভাবিক ত্বক,watch_it
mpox_3_000617.jpg,3,Normal,স্বাভাবিক ত্বক,watch_it
mpox_3_000618.jpg,3,Normal,স্বাভাবিক ত্বক,watch_it
mpox_3_000619.jpg,3,Normal,স্বাভাবিক ত্বক,watch_it
mpox_3_000620.jpg,3,Normal,স্বাভাবিক ত্বক,watch_it
mpox_3_000621.jpg,3,Normal,স্বাভাবিক ত্বক,watch_it
mpox_3_000622.jpg,3,Normal,স্বাভাবিক ত্বক,watch_it
mpox_3_000623.jpg,3,Normal,স্বাভাবিক ত্বক,watch_it
mpox_3_000624.jpg,3,Normal,স্বাভাবিক ত্বক,watch_it
mpox_3_000625.jpg,3,Normal,স্বাভাবিক ত্বক,watch_it
mpox_3_000626.jpg,3,Normal,স্বাভাবিক ত্বক,watch_it
mpox_3_000627.jpg,3,Normal,স্বাভাবিক ত্বক,watch_it
mpox_3_000628.jpg,3,Normal,স্বাভাবিক ত্বক,watch_it
mpox_3_000629.jpg,3,Normal,স্বাভাবিক ত্বক,watch_it
mpox_3_000630.jpg,3,Normal,স্বাভাবিক ত্বক,watch_it
mpox_3_000631.jpg,3,Normal,স্বাভাবিক ত্বক,watch_it
mpox_3_000632.jpg,3,Normal,স্বাভাবিক ত্বক,watch_it
mpox_3_000633.jpg,3,Normal,স্বাভাবিক ত্বক,watch_it
mpox_3_000634.jpg,3,Normal,স্বাভাবিক ত্বক,watch_it
mpox_3_000635.jpg,3,Normal,স্বাভাবিক ত্বক,watch_it
mpox_3_000636.jpg,3,Normal,স্বাভাবিক ত্বক,watch_it
mpox_3_000637.jpg,3,Normal,স্বাভাবিক ত্বক,watch_it
mpox_3_000638.jpg,3,Normal,স্বাভাবিক ত্বক,watch_it
mpox_3_000639.jpg,3,Normal,স্বাভাবিক ত্বক,watch_it
mpox_3_000640.jpg,3,Normal,স্বাভাবিক ত্বক,watch_it
mpox_3_000641.jpg,3,Normal,স্বাভাবিক ত্বক,watch_it
mpox_3_000642.jpg,3,Normal,স্বাভাবিক ত্বক,watch_it
mpox_3_000643.jpg,3,Normal,স্বাভাবিক ত্বক,watch_it
mpox_3_000644.jpg,3,Normal,স্বাভাবিক ত্বক,watch_it
mpox_3_000645.jpg,3,Normal,স্বাভাবিক ত্বক,watch_it
mpox_3_000646.jpg,3,Normal,স্বাভাবিক ত্বক,watch_it
mpox_3_000647.jpg,3,Normal,স্বাভাবিক ত্বক,watch_it
mpox_3_000648.jpg,3,Normal,স্বাভাবিক ত্বক,watch_it
mpox_3_000649.jpg,3,Normal,স্বাভাবিক ত্বক,watch_it
mpox_3_000650.jpg,3,Normal,স্বাভাবিক ত্বক,watch_it
mpox_3_000651.jpg,3,Normal,স্বাভাবিক ত্বক,watch_it
mpox_3_000652.jpg,3,Normal,স্বাভাবিক ত্বক,watch_it
mpox_3_000653.jpg,3,Normal,স্বাভাবিক ত্বক,watch_it
mpox_3_000654.jpg,3,Normal,স্বাভাবিক ত্বক,watch_it
mpox_3_000655.jpg,3,Normal,স্বাভাবিক ত্বক,watch_it
mpox_3_000656.jpg,3,Normal,স্বাভাবিক ত্বক,watch_it
mpox_3_000657.jpg,3,Normal,স্বাভাবিক ত্বক,watch_it
mpox_3_000658.jpg,3,Normal,স্বাভাবিক ত্বক,watch_it
mpox_3_000659.jpg,3,Normal,স্বাভাবিক ত্বক,watch_it
mpox_3_000660.jpg,3,Normal,স্বাভাবিক ত্বক,watch_it
mpox_3_000661.jpg,3,Normal,স্বাভাবিক ত্বক,watch_it
mpox_3_000662.jpg,3,Normal,স্বাভাবিক ত্বক,watch_it
mpox_3_000663.jpg,3,Normal,স্বাভাবিক ত্বক,watch_it
mpox_3_000664.jpg,3,Normal,স্বাভাবিক ত্বক,watch_it
mpox_3_000665.jpg,3,Normal,স্বাভাবিক ত্বক,watch_it
mpox_3_000666.jpg,3,Normal,স্বাভাবিক ত্বক,watch_it
mpox_3_000667.jpg,3,Normal,স্বাভাবিক ত্বক,watch_it
mpox_3_000668.jpg,3,Normal,স্বাভাবিক ত্বক,watch_it
mpox_3_000669.jpg,3,Normal,স্বাভাবিক ত্বক,watch_it
mpox_3_000670.jpg,3,Normal,স্বাভাবিক ত্বক,watch_it
mpox_3_000671.jpg,3,Normal,স্বাভাবিক ত্বক,watch_it
mpox_3_000672.jpg,3,Normal,স্বাভাবিক ত্বক,watch_it
mpox_3_000673.jpg,3,Normal,স্বাভাবিক ত্বক,watch_it
mpox_3_000674.jpg,3,Normal,স্বাভাবিক ত্বক,watch_it
mpox_3_000675.jpg,3,Normal,স্বাভাবিক ত্বক,watch_it
mpox_3_000676.jpg,3,Normal,স্বাভাবিক ত্বক,watch_it
mpox_3_000677.jpg,3,Normal,স্বাভাবিক ত্বক,watch_it
mpox_3_000678.jpg,3,Normal,স্বাভাবিক ত্বক,watch_it
mpox_3_000679.jpg,3,Normal,স্বাভাবিক ত্বক,watch_it
mpox_3_000680.jpg,3,Normal,স্বাভাবিক ত্বক,watch_it
mpox_3_000681.jpg,3,Normal,স্বাভাবিক ত্বক,watch_it
mpox_3_000682.jpg,3,Normal,স্বাভাবিক ত্বক,watch_it
mpox_3_000683.jpg,3,Normal,স্বাভাবিক ত্বক,watch_it
mpox_3_000684.jpg,3,Normal,স্বাভাবিক ত্বক,watch_it
mpox_3_000685.jpg,3,Normal,স্বাভাবিক ত্বক,watch_it
mpox_3_000686.jpg,3,Normal,স্বাভাবিক ত্বক,watch_it
mpox_3_000687.jpg,3,Normal,স্বাভাবিক ত্বক,watch_it
mpox_3_000688.jpg,3,Normal,স্বাভাবিক ত্বক,watch_it
mpox_3_000689.jpg,3,Normal,স্বাভাবিক ত্বক,watch_it
mpox_3_000690.jpg,3,Normal,স্বাভাবিক ত্বক,watch_it
mpox_3_000691.jpg,3,Normal,স্বাভাবিক ত্বক,watch_it
mpox_3_000692.jpg,3,Normal,স্বাভাবিক ত্বক,watch_it
mpox_3_000693.jpg,3,Normal,স্বাভাবিক ত্বক,watch_it
mpox_3_000694.jpg,3,Normal,স্বাভাবিক ত্বক,watch_it
mpox_3_000695.jpg,3,Normal,স্বাভাবিক ত্বক,watch_it
mpox_3_000696.jpg,3,Normal,স্বাভাবিক ত্বক,watch_it
mpox_3_000697.jpg,3,Normal,স্বাভাবিক ত্বক,watch_it
mpox_3_000698.jpg,3,Normal,স্বাভাবিক ত্বক,watch_it
mpox_3_000699.jpg,3,Normal,স্বাভাবিক ত্বক,watch_it
mpox_3_000700.jpg,3,Normal,স্বাভাবিক ত্বক,watch_it
mpox_3_000701.jpg,3,Normal,স্বাভাবিক ত্বক,watch_it
mpox_3_000702.jpg,3,Normal,স্বাভাবিক ত্বক,watch_it
mpox_3_000703.jpg,3,Normal,স্বাভাবিক ত্বক,watch_it
mpox_3_000704.jpg,3,Normal,স্বাভাবিক ত্বক,watch_it
mpox_3_000705.jpg,3,Normal,স্বাভাবিক ত্বক,watch_it
mpox_3_000706.jpg,3,Normal,স্বাভাবিক ত্বক,watch_it
mpox_3_000707.jpg,3,Normal,স্বাভাবিক ত্বক,watch_it
mpox_3_000708.jpg,3,Normal,স্বাভাবিক ত্বক,watch_it
mpox_3_000709.jpg,3,Normal,স্বাভাবিক ত্বক,watch_it
mpox_3_000710.jpg,3,Normal,স্বাভাবিক ত্বক,watch_it
mpox_3_000711.jpg,3,Normal,স্বাভাবিক ত্বক,watch_it
mpox_3_000712.jpg,3,Normal,স্বাভাবিক ত্বক,watch_it
mpox_3_000713.jpg,3,Normal,স্বাভাবিক ত্বক,watch_it
mpox_3_000714.jpg,3,Normal,স্বাভাবিক ত্বক,watch_it
mpox_3_000715.jpg,3,Normal,স্বাভাবিক ত্বক,watch_it
mpox_3_000716.jpg,3,Normal,স্বাভাবিক ত্বক,watch_it
mpox_3_000717.jpg,3,Normal,স্বাভাবিক ত্বক,watch_it
mpox_3_000718.jpg,3,Normal,স্বাভাবিক ত্বক,watch_it
mpox_3_000719.jpg,3,Normal,স্বাভাবিক ত্বক,watch_it
mpox_3_000720.jpg,3,Normal,স্বাভাবিক ত্বক,watch_it
mpox_3_000721.jpg,3,Normal,স্বাভাবিক ত্বক,watch_it
mpox_3_000722.jpg,3,Normal,স্বাভাবিক ত্বক,watch_it
mpox_3_000723.jpg,3,Normal,স্বাভাবিক ত্বক,watch_it
mpox_3_000724.jpg,3,Normal,স্বাভাবিক ত্বক,watch_it
mpox_3_000725.jpg,3,Normal,স্বাভাবিক ত্বক,watch_it
mpox_3_000726.jpg,3,Normal,স্বাভাবিক ত্বক,watch_it
mpox_3_000727.jpg,3,Normal,স্বাভাবিক ত্বক,watch_it
mpox_3_000728.jpg,3,Normal,স্বাভাবিক ত্বক,watch_it
mpox_3_000729.jpg,3,Normal,স্বাভাবিক ত্বক,watch_it
mpox_3_000730.jpg,3,Normal,স্বাভাবিক ত্বক,watch_it
mpox_3_000731.jpg,3,Normal,স্বাভাবিক ত্বক,watch_it
mpox_3_000732.jpg,3,Normal,স্বাভাবিক ত্বক,watch_it
mpox_3_000733.jpg,3,Normal,স্বাভাবিক ত্বক,watch_it
mpox_3_000734.jpg,3,Normal,স্বাভাবিক ত্বক,watch_it
mpox_3_000735.jpg,3,Normal,স্বাভাবিক ত্বক,watch_it
mpox_3_000736.jpg,3,Normal,স্বাভাবিক ত্বক,watch_it
mpox_3_000737.jpg,3,Normal,স্বাভাবিক ত্বক,watch_it
mpox_3_000738.jpg,3,Normal,স্বাভাবিক ত্বক,watch_it
mpox_3_000739.jpg,3,Normal,স্বাভাবিক ত্বক,watch_it
mpox_3_000740.jpg,3,Normal,স্বাভাবিক ত্বক,watch_it
mpox_3_000741.jpg,3,Normal,স্বাভাবিক ত্বক,watch_it
mpox_3_000742.jpg,3,Normal,স্বাভাবিক ত্বক,watch_it
mpox_3_000743.jpg,3,Normal,স্বাভাবিক ত্বক,watch_it
mpox_3_000744.jpg,3,Normal,স্বাভাবিক ত্বক,watch_it
mpox_3_000745.jpg,3,Normal,স্বাভাবিক ত্বক,watch_it
mpox_3_000746.jpg,3,Normal,স্বাভাবিক ত্বক,watch_it
mpox_3_000747.jpg,3,Normal,স্বাভাবিক ত্বক,watch_it
mpox_3_000748.jpg,3,Normal,স্বাভাবিক ত্বক,watch_it
mpox_3_000749.jpg,3,Normal,স্বাভাবিক ত্বক,watch_it
mpox_3_000750.jpg,3,Normal,স্বাভাবিক ত্বক,watch_it
mpox_3_000751.jpg,3,Normal,স্বাভাবিক ত্বক,watch_it
mpox_3_000752.jpg,3,Normal,স্বাভাবিক ত্বক,watch_it
mpox_3_000753.jpg,3,Normal,স্বাভাবিক ত্বক,watch_it
mpox_3_000754.jpg,3,Normal,স্বাভাবিক ত্বক,watch_it
mpox_3_000755.jpg,3,Normal,স্বাভাবিক ত্বক,watch_it
mpox_3_000756.jpg,3,Normal,স্বাভাবিক ত্বক,watch_it
mpox_3_000757.jpg,3,Normal,স্বাভাবিক ত্বক,watch_it
mpox_3_000758.jpg,3,Normal,স্বাভাবিক ত্বক,watch_it
mpox_3_000759.jpg,3,Normal,স্বাভাবিক ত্বক,watch_it
mpox_3_000760.jpg,3,Normal,স্বাভাবিক ত্বক,watch_it
mpox_3_000761.jpg,3,Normal,স্বাভাবিক ত্বক,watch_it
mpox_3_000762.jpg,3,Normal,স্বাভাবিক ত্বক,watch_it
mpox_3_000763.jpg,3,Normal,স্বাভাবিক ত্বক,watch_it
mpox_3_000764.jpg,3,Normal,স্বাভাবিক ত্বক,watch_it
mpox_3_000765.jpg,3,Normal,স্বাভাবিক ত্বক,watch_it
mpox_3_000766.jpg,3,Normal,স্বাভাবিক ত্বক,watch_it
mpox_3_000767.jpg,3,Normal,স্বাভাবিক ত্বক,watch_it
mpox_3_000768.jpg,3,Normal,স্বাভাবিক ত্বক,watch_it
mpox_3_000769.jpg,3,Normal,স্বাভাবিক ত্বক,watch_it
