disease_bn,symptoms_bn
ফাঙ্গাস,শরীর_ব্যথা|জ্বলুনি|চুলকানি|ফুসকুড়ি
ফাঙ্গাস,শরীর_ব্যথা|ফুসকুড়ি
ফাঙ্গাস,জ্বলুনি|ফুসকুড়ি
ফাঙ্গাস,চুলকানি|ফুসকুড়ি
ফাঙ্গাস,শরীর_ব্যথা|জ্বলুনি
ফাঙ্গাস,শরীর_ব্যথা|চুলকানি
ফাঙ্গাস,জ্বলুনি|চুলকানি
ফাঙ্গাস,শরীর_ব্যথা|জ্বলুনি|ফুসকুড়ি
ফাঙ্গাস,শরীর_ব্যথা|চুলকানি|ফুসকুড়ি
ফাঙ্গাস,জ্বলুনি|চুলকানি|ফুসকুড়ি
ফাঙ্গাস,শরীর_ব্যথা|জ্বলুনি|চুলকানি
ডায়েবেটিস,অধিক_ক্ষুধা|অতিরিক্ত_মুত্রনিষ্কাসন
ডায়েবেটিস,অধিক_ক্ষুধা|চোখে_সমস্যা
ডায়েবেটিস,অধিক_ক্ষুধা|অস্থিবাধা
ডায়েবেটিস,অধিক_ক্ষুধা|জড়তা
ডায়েবেটিস,অতিরিক্ত_মুত্রনিষ্কাসন|চোখে_সমস্যা
ডায়েবেটিস,অতিরিক্ত_মুত্রনিষ্কাসন|অস্থিবাধা
ডায়েবেটিস,অতিরিক্ত_মুত্রনিষ্কাসন|জড়তা
ডায়েবেটিস,চোখে_সমস্যা|অস্থিবাধা
ডায়েবেটিস,চোখে_সমস্যা|জড়তা
ডায়েবেটিস,অস্থিবাধা|জড়তা
ডায়েবেটিস,অধিক_ক্ষুধা|অতিরিক্ত_মুত্রনিষ্কাসন|চোখে_সমস্যা
ডায়েবেটিস,অধিক_ক্ষুধা|অতিরিক্ত_মুত্রনিষ্কাসন|অস্থিবাধা
ডায়েবেটিস,অধিক_ক্ষুধা|অতিরিক্ত_মুত্রনিষ্কাসন|জড়তা
ডায়েবেটিস,অধিক_ক্ষুধা|চোখে_সমস্যা|অস্থিবাধা
ডায়েবেটিস,অধিক_ক্ষুধা|চোখে_সমস্যা|জড়তা
ডায়েবেটিস,অধিক_ক্ষুধা|অস্থিবাধা|জড়তা
ডায়েবেটিস,অতিরিক্ত_মুত্রনিষ্কাসন|চোখে_সমস্যা|অস্থিবাধা
ডায়েবেটিস,অতিরিক্ত_মুত্রনিষ্কাসন|চোখে_সমস্যা|জড়তা
ডায়েবেটিস,অতিরিক্ত_মুত্রনিষ্কাসন|অস্থিবাধা|জড়তা
ডায়েবেটিস,চোখে_সমস্যা|অস্থিবাধা|জড়তা
ডায়েবেটিস,অধিক_ক্ষুধা|অতিরিক্ত_মুত্রনিষ্কাসন|চোখে_সমস্যা|অস্থিবাধা
ডায়েবেটিস,অধিক_ক্ষুধা|অতিরিক্ত_মুত্রনিষ্কাসন|চোখে_সমস্যা|জড়তা
ডায়েবেটিস,অধিক_ক্ষুধা|অতিরিক্ত_মুত্রনিষ্কাসন|অস্থিবাধা|জড়তা
ডায়েবেটিস,অধিক_ক্ষুধা|চোখে_সমস্যা|অস্থিবাধা|জড়তা
ডায়েবেটিস,অধিক_ক্ষুধা|অতিরিক্ত_মুত্রনিষ্কাসন|চোখে_সমস্যা|অস্থিবাধা|জড়তা
ক্যান্সার,শরীর_ব্যথা|ওজন_কমা|ক্লান্ত_বোধ
ক্যান্সার,শরীর_ব্যথা|ওজন_কমা|শ্বাসকষ্ট
ক্যান্সার,শরীর_ব্যথা|ওজন_কমা|স্তনবৃদ্ধি
ক্যান্সার,শরীর_ব্যথা|ক্লান্ত_বোধ|শ্বাসকষ্ট
ক্যান্সার,শরীর_ব্যথা|ক্লান্ত_বোধ|স্তনবৃদ্ধি
ক্যান্সার,শরীর_ব্যথা|শ্বাসকষ্ট|স্তনবৃদ্ধি
ক্যান্সার,ওজন_কমা|ক্লান্ত_বোধ|শ্বাসকষ্ট
ক্যান্সার,ওজন_কমা|ক্লান্ত_বোধ|স্তনবৃদ্ধি
ক্যান্সার,ওজন_কমা|শ্বাসকষ্ট|স্তনবৃদ্ধি
ক্যান্সার,ক্লান্ত_বোধ|শ্বাসকষ্ট|স্তনবৃদ্ধি
ক্যান্সার,শরীর_ব্যথা|ওজন_কমা|ক্লান্ত_বোধ|শ্বাসকষ্ট
ক্যান্সার,শরীর_ব্যথা|ওজন_কমা|ক্লান্ত_বোধ|স্তনবৃদ্ধি
ক্যান্সার,শরীর_ব্যথা|ওজন_কমা|শ্বাসকষ্ট|স্তনবৃদ্ধি
ক্যান্সার,শরীর_ব্যথা|ক্লান্ত_বোধ|শ্বাসকষ্ট|স্তনবৃদ্ধি
ক্যান্সার,ওজন_কমা|ক্লান্ত_বোধ|শ্বাসকষ্ট|স্তনবৃদ্ধি
ক্যান্সার,শরীর_ব্যথা|ওজন_কমা|ক্লান্ত_বোধ|শ্বাসকষ্ট|স্তনবৃদ্ধি
ডিমনেশিয়া,স্মৃতিশক্তি_লোপ|কথা_বলতে_সমস্যা|কথা_শুনতে_সমস্যা
ডিমনেশিয়া,স্মৃতিশক্তি_লোপ|কথা_বলতে_সমস্যা|ঘুমে_সমস্যা
ডিমনেশিয়া,স্মৃতিশক্তি_লোপ|কথা_বলতে_সমস্যা|বুদ্ধি_লোপ
ডিমনেশিয়া,স্মৃতিশক্তি_লোপ|কথা_শুনতে_সমস্যা|ঘুমে_সমস্যা
ডিমনেশিয়া,স্মৃতিশক্তি_লোপ|কথা_শুনতে_সমস্যা|বুদ্ধি_লোপ
ডিমনেশিয়া,স্মৃতিশক্তি_লোপ|ঘুমে_সমস্যা|বুদ্ধি_লোপ
ডিমনেশিয়া,কথা_বলতে_সমস্যা|কথা_শুনতে_সমস্যা|ঘুমে_সমস্যা
ডিমনেশিয়া,কথা_বলতে_সমস্যা|কথা_শুনতে_সমস্যা|বুদ্ধি_লোপ
ডিমনেশিয়া,কথা_বলতে_সমস্যা|ঘুমে_সমস্যা|বুদ্ধি_লোপ
ডিমনেশিয়া,কথা_শুনতে_সমস্যা|ঘুমে_সমস্যা|বুদ্ধি_লোপ
ডিমনেশিয়া,স্মৃতিশক্তি_লোপ|কথা_বলতে_সমস্যা|কথা_শুনতে_সমস্যা|ঘুমে_সমস্যা
ডিমনেশিয়া,স্মৃতিশক্তি_লোপ|কথা_বলতে_সমস্যা|কথা_শুনতে_সমস্যা|বুদ্ধি_লোপ
ডিমনেশিয়া,স্মৃতিশক্তি_লোপ|কথা_বলতে_সমস্যা|ঘুমে_সমস্যা|বুদ্ধি_লোপ
ডিমনেশিয়া,স্মৃতিশক্তি_লোপ|কথা_শুনতে_সমস্যা|ঘুমে_সমস্যা|বুদ্ধি_লোপ
ডিমনেশিয়া,কথা_বলতে_সমস্যা|কথা_শুনতে_সমস্যা|ঘুমে_সমস্যা|বুদ্ধি_লোপ
ডিমনেশিয়া,স্মৃতিশক্তি_লোপ|কথা_বলতে_সমস্যা|কথা_শুনতে_সমস্যা|ঘুমে_সমস্যা|বুদ্ধি_লোপ
স্ট্রোক,চোখে_সমস্যা|মাথা_ঘোরা|ভারসাম্য_হারা
স্ট্রোক,চোখে_সমস্যা|মাথা_ঘোরা|কথা_জড়িয়ে_আসা
স্ট্রোক,চোখে_সমস্যা|মাথা_ঘোরা|মুখ_বাঁকা
স্ট্রোক,চোখে_সমস্যা|ভারসাম্য_হারা|কথা_জড়িয়ে_আসা
স্ট্রোক,চোখে_সমস্যা|ভারসাম্য_হারা|মুখ_বাঁকা
স্ট্রোক,চোখে_সমস্যা|কথা_জড়িয়ে_আসা|মুখ_বাঁকা
স্ট্রোক,মাথা_ঘোরা|ভারসাম্য_হারা|কথা_জড়িয়ে_আসা
স্ট্রোক,মাথা_ঘোরা|ভারসাম্য_হারা|মুখ_বাঁকা
স্ট্রোক,মাথা_ঘোরা|কথা_জড়িয়ে_আসা|মুখ_বাঁকা
স্ট্রোক,ভারসাম্য_হারা|কথা_জড়িয়ে_আসা|মুখ_বাঁকা
স্ট্রোক,চোখে_সমস্যা|মাথা_ঘোরা|ভারসাম্য_হারা|কথা_জড়িয়ে_আসা
স্ট্রোক,চোখে_সমস্যা|মাথা_ঘোরা|ভারসাম্য_হারা|মুখ_বাঁকা
স্ট্রোক,চোখে_সমস্যা|মাথা_ঘোরা|কথা_জড়িয়ে_আসা|মুখ_বাঁকা
স্ট্রোক,চোখে_সমস্যা|ভারসাম্য_হারা|কথা_জড়িয়ে_আসা|মুখ_বাঁকা
স্ট্রোক,মাথা_ঘোরা|ভারসাম্য_হারা|কথা_জড়িয়ে_আসা|মুখ_বাঁকা
স্ট্রোক,চোখে_সমস্যা|মাথা_ঘোরা|ভারসাম্য_হারা|কথা_জড়িয়ে_আসা|মুখ_বাঁকা
ডেঙ্গু,শ্বাসকষ্ট|তীব্র_জ্বর|চোখের_পেছনে_ব্যথা|ক্ষুধা_কমা|র‌্যাশ|দ্রুত_নাড়ি_স্পন্দন|চেতনা_হারা|রক্তবমি
ডেঙ্গু,শ্বাসকষ্ট|তীব্র_জ্বর|চোখের_পেছনে_ব্যথা|ক্ষুধা_কমা|র‌্যাশ|দ্রুত_নাড়ি_স্পন্দন|চেতনা_হারা
ডেঙ্গু,শ্বাসকষ্ট|তীব্র_জ্বর|চোখের_পেছনে_ব্যথা|ক্ষুধা_কমা|র‌্যাশ|দ্রুত_নাড়ি_স্পন্দন|রক্তবমি
ডেঙ্গু,শ্বাসকষ্ট|তীব্র_জ্বর|চোখের_পেছনে_ব্যথা|ক্ষুধা_কমা|র‌্যাশ|দ্রুত_নাড়ি_স্পন্দন
ডেঙ্গু,শ্বাসকষ্ট|তীব্র_জ্বর|চোখের_পেছনে_ব্যথা|ক্ষুধা_কমা|র‌্যাশ|চেতনা_হারা|রক্তবমি
ডেঙ্গু,শ্বাসকষ্ট|তীব্র_জ্বর|চোখের_পেছনে_ব্যথা|ক্ষুধা_কমা|র‌্যাশ|চেতনা_হারা
ডেঙ্গু,শ্বাসকষ্ট|তীব্র_জ্বর|চোখের_পেছনে_ব্যথা|ক্ষুধা_কমা|র‌্যাশ|রক্তবমি
ডেঙ্গু,শ্বাসকষ্ট|তীব্র_জ্বর|চোখের_পেছনে_ব্যথা|ক্ষুধা_কমা|র‌্যাশ
ডেঙ্গু,শ্বাসকষ্ট|তীব্র_জ্বর|চোখের_পেছনে_ব্যথা|ক্ষুধা_কমা|দ্রুত_নাড়ি_স্পন্দন|চেতনা_হারা|রক্তবমি
ডেঙ্গু,শ্বাসকষ্ট|তীব্র_জ্বর|চোখের_পেছনে_ব্যথা|ক্ষুধা_কমা|দ্রুত_নাড়ি_স্পন্দন|চেতনা_হারা
ডেঙ্গু,শ্বাসকষ্ট|তীব্র_জ্বর|চোখের_পেছনে_ব্যথা|ক্ষুধা_কমা|দ্রুত_নাড়ি_স্পন্দন|রক্তবমি
ডেঙ্গু,শ্বাসকষ্ট|তীব্র_জ্বর|চোখের_পেছনে_ব্যথা|ক্ষুধা_কমা|দ্রুত_নাড়ি_স্পন্দন
ডেঙ্গু,শ্বাসকষ্ট|তীব্র_জ্বর|চোখের_পেছনে_ব্যথা|ক্ষুধা_কমা|চেতনা_হারা|রক্তবমি
ডেঙ্গু,শ্বাসকষ্ট|তীব্র_জ্বর|চোখের_পেছনে_ব্যথা|ক্ষুধা_কমা|চেতনা_হারা
ডেঙ্গু,শ্বাসকষ্ট|তীব্র_জ্বর|চোখের_পেছনে_ব্যথা|ক্ষুধা_কমা|রক্তবমি
ডেঙ্গু,শ্বাসকষ্ট|তীব্র_জ্বর|চোখের_পেছনে_ব্যথা|ক্ষুধা_কমা
ডেঙ্গু,শ্বাসকষ্ট|তীব্র_জ্বর|চোখের_পেছনে_ব্যথা|র‌্যাশ|দ্রুত_নাড়ি_স্পন্দন|চেতনা_হারা|রক্তবমি
ডেঙ্গু,শ্বাসকষ্ট|তীব্র_জ্বর|চোখের_পেছনে_ব্যথা|র‌্যাশ|দ্রুত_নাড়ি_স্পন্দন|চেতনা_হারা
ডেঙ্গু,শ্বাসকষ্ট|তীব্র_জ্বর|চোখের_পেছনে_ব্যথা|র‌্যাশ|দ্রুত_নাড়ি_স্পন্দন
ডেঙ্গু,শ্বাসকষ্ট|তীব্র_জ্বর|চোখের_পেছনে_ব্যথা|র‌্যাশ|চেতনা_হারা|রক্তবমি
ডেঙ্গু,শ্বাসকষ্ট|তীব্র_জ্বর|চোখের_পেছনে_ব্যথা|র‌্যাশ|চেতনা_হারা
ডেঙ্গু,শ্বাসকষ্ট|তীব্র_জ্বর|চোখের_পেছনে_ব্যথা|র‌্যাশ|রক্তবমি
ডেঙ্গু,শ্বাসকষ্ট|তীব্র_জ্বর|চোখের_পেছনে_ব্যথা|র‌্যাশ
ডেঙ্গু,শ্বাসকষ্ট|তীব্র_জ্বর|চোখের_পেছনে_ব্যথা|দ্রুত_নাড়ি_স্পন্দন|চেতনা_হারা|রক্তবমি
ডেঙ্গু,শ্বাসকষ্ট|তীব্র_জ্বর|চোখের_পেছনে_ব্যথা|দ্রুত_নাড়ি_স্পন্দন|চেতনা_হারা
ডেঙ্গু,শ্বাসকষ্ট|তীব্র_জ্বর|চোখের_পেছনে_ব্যথা|দ্রুত_নাড়ি_স্পন্দন|রক্তবমি
ডেঙ্গু,শ্বাসকষ্ট|তীব্র_জ্বর|চোখের_পেছনে_ব্যথা|চেতনা_হারা
ডেঙ্গু,শ্বাসকষ্ট|তীব্র_জ্বর|চোখের_পেছনে_ব্যথা|রক্তবমি
ডেঙ্গু,শ্বাসকষ্ট|তীব্র_জ্বর|ক্ষুধা_কমা|র‌্যাশ|দ্রুত_নাড়ি_স্পন্দন|চেতনা_হারা|রক্তবমি
ডেঙ্গু,শ্বাসকষ্ট|তীব্র_জ্বর|ক্ষুধা_কমা|র‌্যাশ|দ্রুত_নাড়ি_স্পন্দন|চেতনা_হারা
ডেঙ্গু,শ্বাসকষ্ট|তীব্র_জ্বর|ক্ষুধা_কমা|র‌্যাশ|দ্রুত_নাড়ি_স্পন্দন|রক্তবমি
ডেঙ্গু,শ্বাসকষ্ট|তীব্র_জ্বর|ক্ষুধা_কমা|র‌্যাশ|দ্রুত_নাড়ি_স্পন্দন
ডেঙ্গু,শ্বাসকষ্ট|তীব্র_জ্বর|ক্ষুধা_কমা|র‌্যাশ|চেতনা_হারা|রক্তবমি
ডেঙ্গু,শ্বাসকষ্ট|তীব্র_জ্বর|ক্ষুধা_কমা|র‌্যাশ|চেতনা_হারা
ডেঙ্গু,শ্বাসকষ্ট|তীব্র_জ্বর|ক্ষুধা_কমা|র‌্যাশ|রক্তবমি
ডেঙ্গু,শ্বাসকষ্ট|তীব্র_জ্বর|ক্ষুধা_কমা|র‌্যাশ
ডেঙ্গু,শ্বাসকষ্ট|তীব্র_জ্বর|ক্ষুধা_কমা|দ্রুত_নাড়ি_স্পন্দন|চেতনা_হারা|রক্তবমি
ডেঙ্গু,শ্বাসকষ্ট|তীব্র_জ্বর|ক্ষুধা_কমা|দ্রুত_নাড়ি_স্পন্দন|চেতনা_হারা
ডেঙ্গু,শ্বাসকষ্ট|তীব্র_জ্বর|ক্ষুধা_কমা|দ্রুত_নাড়ি_স্পন্দন|রক্তবমি
ডেঙ্গু,শ্বাসকষ্ট|তীব্র_জ্বর|ক্ষুধা_কমা|দ্রুত_নাড়ি_স্পন্দন
ডেঙ্গু,শ্বাসকষ্ট|তীব্র_জ্বর|ক্ষুধা_কমা|চেতনা_হারা|রক্তবমি
আমাশয়,পেট_ফোলা|পেট_ব্যথা|রক্তাক্ত_ডায়রিয়া|বমি|দুর্বলতা|শুষ্ক_ত্বক
আমাশয়,পেট_ফোলা|পেট_ব্যথা|রক্তাক্ত_ডায়রিয়া|বমি|দুর্বলতা
আমাশয়,পেট_ফোলা|পেট_ব্যথা|রক্তাক্ত_ডায়রিয়া|বমি|শুষ্ক_ত্বক
আমাশয়,পেট_ফোলা|পেট_ব্যথা|রক্তাক্ত_ডায়রিয়া|দুর্বলতা|শুষ্ক_ত্বক
আমাশয়,পেট_ফোলা|পেট_ব্যথা|বমি|দুর্বলতা|শুষ্ক_ত্বক
আমাশয়,পেট_ফোলা|রক্তাক্ত_ডায়রিয়া|বমি|দুর্বলতা|শুষ্ক_ত্বক
আমাশয়,পেট_ব্যথা|রক্তাক্ত_ডায়রিয়া|বমি|দুর্বলতা|শুষ্ক_ত্বক
আমাশয়,পেট_ফোলা|পেট_ব্যথা|রক্তাক্ত_ডায়রিয়া|বমি
আমাশয়,পেট_ফোলা|পেট_ব্যথা|রক্তাক্ত_ডায়রিয়া|দুর্বলতা
আমাশয়,পেট_ফোলা|পেট_ব্যথা|রক্তাক্ত_ডায়রিয়া|শুষ্ক_ত্বক
আমাশয়,পেট_ফোলা|পেট_ব্যথা|বমি|দুর্বলতা
আমাশয়,পেট_ফোলা|পেট_ব্যথা|বমি|শুষ্ক_ত্বক
আমাশয়,পেট_ফোলা|পেট_ব্যথা|দুর্বলতা|শুষ্ক_ত্বক
আমাশয়,পেট_ফোলা|রক্তাক্ত_ডায়রিয়া|বমি|দুর্বলতা
আমাশয়,পেট_ফোলা|রক্তাক্ত_ডায়রিয়া|বমি|শুষ্ক_ত্বক
আমাশয়,পেট_ফোলা|রক্তাক্ত_ডায়রিয়া|দুর্বলতা|শুষ্ক_ত্বক
আমাশয়,পেট_ফোলা|বমি|দুর্বলতা|শুষ্ক_ত্বক
আমাশয়,পেট_ব্যথা|রক্তাক্ত_ডায়রিয়া|বমি|দুর্বলতা
আমাশয়,পেট_ব্যথা|রক্তাক্ত_ডায়রিয়া|বমি|শুষ্ক_ত্বক
আমাশয়,পেট_ব্যথা|রক্তাক্ত_ডায়রিয়া|দুর্বলতা|শুষ্ক_ত্বক
আমাশয়,পেট_ব্যথা|বমি|দুর্বলতা|শুষ্ক_ত্বক
আমাশয়,রক্তাক্ত_ডায়রিয়া|বমি|দুর্বলতা|শুষ্ক_ত্বক
জলবসন্ত,ঘামাচির_মতো_গুটি|ফুসকুড়ি
জলবসন্ত,শরীর_ব্যথা|ঘামাচির_মতো_গুটি|ফুসকুড়ি|জ্বর
জলবসন্ত,শরীর_ব্যথা|ঘামাচির_মতো_গুটি|ফুসকুড়ি
জলবসন্ত,শরীর_ব্যথা|ঘামাচির_মতো_গুটি|জ্বর
জলবসন্ত,শরীর_ব্যথা|ফুসকুড়ি|জ্বর
জলবসন্ত,ঘামাচির_মতো_গুটি|ফুসকুড়ি|জ্বর
কোষ্ঠকাঠিন্য,পেট_ব্যথা|দুর্বলতা|জ্বর|মলত্যাগে_অসুবিধা|পানিশূন্যতা
কোষ্ঠকাঠিন্য,পেট_ব্যথা|দুর্বলতা|জ্বর|মলত্যাগে_অসুবিধা
কোষ্ঠকাঠিন্য,পেট_ব্যথা|দুর্বলতা|জ্বর|পানিশূন্যতা
কোষ্ঠকাঠিন্য,পেট_ব্যথা|জ্বর|মলত্যাগে_অসুবিধা|পানিশূন্যতা
কোষ্ঠকাঠিন্য,দুর্বলতা|জ্বর|মলত্যাগে_অসুবিধা|পানিশূন্যতা
কোষ্ঠকাঠিন্য,জ্বর|মলত্যাগে_অসুবিধা|পানিশূন্যতা
কোষ্ঠকাঠিন্য,মলত্যাগে_অসুবিধা|পানিশূন্যতা
কোষ্ঠকাঠিন্য,দুর্বলতা|মলত্যাগে_অসুবিধা
কোষ্ঠকাঠিন্য,জ্বর|মলত্যাগে_অসুবিধা
কোষ্ঠকাঠিন্য,পেট_ব্যথা|দুর্বলতা|মলত্যাগে_অসুবিধা
কোষ্ঠকাঠিন্য,পেট_ব্যথা|জ্বর|মলত্যাগে_অসুবিধা
কোষ্ঠকাঠিন্য,দুর্বলতা|মলত্যাগে_অসুবিধা
চোখ ওঠা,চোখ_লাল_হওয়া|চোখ_দিয়ে_পানি_পড়া|চোখে_অস্বস্তিবোধ|চোখের_পাতা_ফুলে_যাওয়া|চোখে_ব্যথা|চোখের_পাতা_লেগে_থাকা|চোখে_জ্বালা_পোড়া
চোখ ওঠা,চোখ_লাল_হওয়া|চোখ_দিয়ে_পানি_পড়া|চোখে_অস্বস্তিবোধ|চোখের_পাতা_ফুলে_যাওয়া|চোখের_পাতা_লেগে_থাকা
চোখ ওঠা,চোখ_লাল_হওয়া|চোখ_দিয়ে_পানি_পড়া|চোখে_অস্বস্তিবোধ|চোখের_পাতা_ফুলে_যাওয়া|চোখে_জ্বালা_পোড়া
চোখ ওঠা,চোখ_লাল_হওয়া|চোখ_দিয়ে_পানি_পড়া|চোখে_অস্বস্তিবোধ|চোখে_ব্যথা|চোখের_পাতা_লেগে_থাকা
চোখ ওঠা,চোখ_লাল_হওয়া|চোখ_দিয়ে_পানি_পড়া|চোখে_অস্বস্তিবোধ|চোখে_ব্যথা|চোখে_জ্বালা_পোড়া
চোখ ওঠা,চোখ_লাল_হওয়া|চোখ_দিয়ে_পানি_পড়া|চোখে_অস্বস্তিবোধ|চোখের_পাতা_লেগে_থাকা|চোখে_জ্বালা_পোড়া
চোখ ওঠা,চোখ_লাল_হওয়া|চোখ_দিয়ে_পানি_পড়া|চোখের_পাতা_ফুলে_যাওয়া|চোখে_ব্যথা|চোখের_পাতা_লেগে_থাকা
চোখ ওঠা,চোখ_লাল_হওয়া|চোখ_দিয়ে_পানি_পড়া|চোখের_পাতা_ফুলে_যাওয়া|চোখে_ব্যথা|চোখে_জ্বালা_পোড়া
চোখ ওঠা,চোখ_লাল_হওয়া|চোখ_দিয়ে_পানি_পড়া|চোখের_পাতা_ফুলে_যাওয়া|চোখের_পাতা_লেগে_থাকা|চোখে_জ্বালা_পোড়া
চোখ ওঠা,চোখ_লাল_হওয়া|চোখ_দিয়ে_পানি_পড়া|চোখে_ব্যথা|চোখের_পাতা_লেগে_থাকা|চোখে_জ্বালা_পোড়া
চোখ ওঠা,চোখ_লাল_হওয়া|চোখে_অস্বস্তিবোধ|চোখের_পাতা_ফুলে_যাওয়া|চোখে_ব্যথা|চোখের_পাতা_লেগে_থাকা
চোখ ওঠা,চোখ_লাল_হওয়া|চোখে_অস্বস্তিবোধ|চোখের_পাতা_ফুলে_যাওয়া|চোখে_ব্যথা|চোখে_জ্বালা_পোড়া
চোখ ওঠা,চোখ_লাল_হওয়া|চোখে_অস্বস্তিবোধ|চোখের_পাতা_ফুলে_যাওয়া|চোখের_পাতা_লেগে_থাকা|চোখে_জ্বালা_পোড়া
চোখ ওঠা,চোখ_লাল_হওয়া|চোখে_অস্বস্তিবোধ|চোখে_ব্যথা|চোখের_পাতা_লেগে_থাকা|চোখে_জ্বালা_পোড়া
চোখ ওঠা,চোখ_দিয়ে_পানি_পড়া|চোখে_অস্বস্তিবোধ|চোখের_পাতা_ফুলে_যাওয়া|চোখে_ব্যথা|চোখের_পাতা_লেগে_থাকা
চোখ ওঠা,চোখ_দিয়ে_পানি_পড়া|চোখে_অস্বস্তিবোধ|চোখের_পাতা_ফুলে_যাওয়া|চোখে_ব্যথা|চোখে_জ্বালা_পোড়া
চোখ ওঠা,চোখ_দিয়ে_পানি_পড়া|চোখে_অস্বস্তিবোধ|চোখের_পাতা_ফুলে_যাওয়া|চোখের_পাতা_লেগে_থাকা|চোখে_জ্বালা_পোড়া
চোখ ওঠা,চোখ_দিয়ে_পানি_পড়া|চোখে_অস্বস্তিবোধ|চোখে_ব্যথা|চোখের_পাতা_লেগে_থাকা|চোখে_জ্বালা_পোড়া
গুটিবসন্ত,বমি|জ্বর|পেশী_ব্যথা|মাথা_ব্যথা|পিঠে_ব্যথা
গুটিবসন্ত,বমি|পেশী_ব্যথা|মাথা_ব্যথা|পিঠে_ব্যথা
গুটিবসন্ত,বমি|জ্বর|মাথা_ব্যথা|পিঠে_ব্যথা
গুটিবসন্ত,বমি|জ্বর|পেশী_ব্যথা|পিঠে_ব্যথা
গুটিবসন্ত,বমি|জ্বর|পেশী_ব্যথা|মাথা_ব্যথা
গুটিবসন্ত,জ্বর|পেশী_ব্যথা|মাথা_ব্যথা|পিঠে_ব্যথা
দাদ রোগ,চুলকানি|র‌্যাশ|খসখসে_ত্বক
দাদ রোগ,চুলকানি|র‌্যাশ
বাত,শরীর_ব্যথা|ওজন_কমা|ঘুমে_সমস্যা|দুর্বলতা|পেশী_ব্যথা|জয়েন্টে_ব্যথা|ফোলা|হাটতে_অক্ষমতা
বাত,শরীর_ব্যথা|দুর্বলতা|পেশী_ব্যথা|ফোলা|হাটতে_অক্ষমতা
বাত,ঘুমে_সমস্যা|দুর্বলতা|জয়েন্টে_ব্যথা|ফোলা|হাটতে_অক্ষমতা
বাত,শরীর_ব্যথা|ওজন_কমা|ঘুমে_সমস্যা|পেশী_ব্যথা|ফোলা|হাটতে_অক্ষমতা
বাত,ওজন_কমা|ঘুমে_সমস্যা|দুর্বলতা|জয়েন্টে_ব্যথা|ফোলা|হাটতে_অক্ষমতা
বাত,শরীর_ব্যথা|ঘুমে_সমস্যা|দুর্বলতা|জয়েন্টে_ব্যথা|ফোলা|হাটতে_অক্ষমতা
বাত,ওজন_কমা|পেশী_ব্যথা|জয়েন্টে_ব্যথা|ফোলা
বাত,শরীর_ব্যথা|ওজন_কমা|দুর্বলতা|জয়েন্টে_ব্যথা
বাত,ওজন_কমা|দুর্বলতা|পেশী_ব্যথা|ফোলা
বাত,শরীর_ব্যথা|ওজন_কমা|দুর্বলতা|জয়েন্টে_ব্যথা
কলেরা,পেট_ব্যথা|দুর্বলতা|পানিশূন্যতা|ডায়রিয়া
কলেরা,পানিশূন্যতা|ডায়রিয়া
কলেরা,পেট_ব্যথা|দুর্বলতা|ডায়রিয়া
নিমোনিয়া,শরীর_ব্যথা|শ্বাসকষ্ট|তীব্র_জ্বর|বুকে_ব্যথা|খাবারের_অরুচি|কাশির_সঙ্গে_রক্তপাত|কফ্|কাশি
নিমোনিয়া,শরীর_ব্যথা|শ্বাসকষ্ট|তীব্র_জ্বর|বুকে_ব্যথা|খাবারের_অরুচি|কাশির_সঙ্গে_রক্তপাত|কফ্
নিমোনিয়া,শরীর_ব্যথা|শ্বাসকষ্ট|তীব্র_জ্বর|বুকে_ব্যথা|খাবারের_অরুচি|কাশির_সঙ্গে_রক্তপাত|কাশি
নিমোনিয়া,শরীর_ব্যথা|শ্বাসকষ্ট|তীব্র_জ্বর|বুকে_ব্যথা|খাবারের_অরুচি|কফ্|কাশি
নিমোনিয়া,শরীর_ব্যথা|শ্বাসকষ্ট|তীব্র_জ্বর|বুকে_ব্যথা|কাশির_সঙ্গে_রক্তপাত|কফ্|কাশি
নিমোনিয়া,শরীর_ব্যথা|শ্বাসকষ্ট|তীব্র_জ্বর|খাবারের_অরুচি|কাশির_সঙ্গে_রক্তপাত|কফ্|কাশি
নিমোনিয়া,শরীর_ব্যথা|শ্বাসকষ্ট|তীব্র_জ্বর|বুকে_ব্যথা|খাবারের_অরুচি|কাশির_সঙ্গে_রক্তপাত
নিমোনিয়া,শরীর_ব্যথা|শ্বাসকষ্ট|তীব্র_জ্বর|বুকে_ব্যথা|খাবারের_অরুচি|কাশি
নিমোনিয়া,শরীর_ব্যথা|শ্বাসকষ্ট|তীব্র_জ্বর|বুকে_ব্যথা|কফ্|কাশি
নিমোনিয়া,শরীর_ব্যথা|শ্বাসকষ্ট|তীব্র_জ্বর|কাশির_সঙ্গে_রক্তপাত|কফ্|কাশি
নিমোনিয়া,শরীর_ব্যথা|শ্বাসকষ্ট|খাবারের_অরুচি|কাশির_সঙ্গে_রক্তপাত|কফ্|কাশি
নিমোনিয়া,শরীর_ব্যথা|বুকে_ব্যথা|খাবারের_অরুচি|কাশির_সঙ্গে_রক্তপাত|কফ্|কাশি
নিমোনিয়া,তীব্র_জ্বর|বুকে_ব্যথা|খাবারের_অরুচি|কাশির_সঙ্গে_রক্তপাত|কফ্|কাশি
নিমোনিয়া,শ্বাসকষ্ট|তীব্র_জ্বর|বুকে_ব্যথা|কাশির_সঙ্গে_রক্তপাত|কফ্|কাশি
নিমোনিয়া,শ্বাসকষ্ট|তীব্র_জ্বর|বুকে_ব্যথা|কফ্|কাশি
নিমোনিয়া,শ্বাসকষ্ট|তীব্র_জ্বর|বুকে_ব্যথা|কফ্
ম্যালেরিয়া,শরীর_ব্যথা|তীব্র_জ্বর|দুর্বলতা|মাথা_ব্যথা|ঠাণ্ডা_লাগা|বমি_বমি_ভাব
ম্যালেরিয়া,শরীর_ব্যথা|তীব্র_জ্বর|দুর্বলতা|মাথা_ব্যথা|ঠাণ্ডা_লাগা
ম্যালেরিয়া,শরীর_ব্যথা|তীব্র_জ্বর|দুর্বলতা|মাথা_ব্যথা|বমি_বমি_ভাব
ম্যালেরিয়া,শরীর_ব্যথা|তীব্র_জ্বর|দুর্বলতা|ঠাণ্ডা_লাগা|বমি_বমি_ভাব
ম্যালেরিয়া,শরীর_ব্যথা|তীব্র_জ্বর|মাথা_ব্যথা|ঠাণ্ডা_লাগা|বমি_বমি_ভাব
ম্যালেরিয়া,শরীর_ব্যথা|দুর্বলতা|মাথা_ব্যথা|ঠাণ্ডা_লাগা|বমি_বমি_ভাব
ম্যালেরিয়া,তীব্র_জ্বর|দুর্বলতা|মাথা_ব্যথা|ঠাণ্ডা_লাগা|বমি_বমি_ভাব
ম্যালেরিয়া,দুর্বলতা|মাথা_ব্যথা|ঠাণ্ডা_লাগা|বমি_বমি_ভাব
ম্যালেরিয়া,শরীর_ব্যথা|মাথা_ব্যথা|ঠাণ্ডা_লাগা|বমি_বমি_ভাব
ম্যালেরিয়া,শরীর_ব্যথা|তীব্র_জ্বর|ঠাণ্ডা_লাগা|বমি_বমি_ভাব
ম্যালেরিয়া,শরীর_ব্যথা|তীব্র_জ্বর|দুর্বলতা|বমি_বমি_ভাব
ম্যালেরিয়া,শরীর_ব্যথা|তীব্র_জ্বর|দুর্বলতা|মাথা_ব্যথা
ম্যালেরিয়া,শরীর_ব্যথা|দুর্বলতা|মাথা_ব্যথা|বমি_বমি_ভাব
ম্যালেরিয়া,তীব্র_জ্বর|দুর্বলতা|মাথা_ব্যথা|বমি_বমি_ভাব
হার্ট অ্যাটাক,শ্বাসকষ্ট|মাথা_ব্যথা|বমি_বমি_ভাব|দ্রুত_শ্বাস_প্রশ্বাস|ভারীভাব|বুকের_মাঝে_চাপ_দিয়ে_ব্যথা|ঘাম_হওয়া|মাথা_ঝিম_ঝিম|মানসিক_অস্থিরতা
হার্ট অ্যাটাক,বমি_বমি_ভাব|দ্রুত_শ্বাস_প্রশ্বাস|ভারীভাব|বুকের_মাঝে_চাপ_দিয়ে_ব্যথা|ঘাম_হওয়া|মাথা_ঝিম_ঝিম|মানসিক_অস্থিরতা
হার্ট অ্যাটাক,বমি_বমি_ভাব|ভারীভাব|বুকের_মাঝে_চাপ_দিয়ে_ব্যথা|ঘাম_হওয়া|মাথা_ঝিম_ঝিম|মানসিক_অস্থিরতা
হার্ট অ্যাটাক,শ্বাসকষ্ট|মাথা_ব্যথা|বমি_বমি_ভাব|দ্রুত_শ্বাস_প্রশ্বাস|বুকের_মাঝে_চাপ_দিয়ে_ব্যথা|ঘাম_হওয়া|মানসিক_অস্থিরতা
হার্ট অ্যাটাক,শ্বাসকষ্ট|মাথা_ব্যথা|দ্রুত_শ্বাস_প্রশ্বাস|ভারীভাব|ঘাম_হওয়া|মাথা_ঝিম_ঝিম
হার্ট অ্যাটাক,শ্বাসকষ্ট|মাথা_ব্যথা|বমি_বমি_ভাব|দ্রুত_শ্বাস_প্রশ্বাস|ভারীভাব|বুকের_মাঝে_চাপ_দিয়ে_ব্যথা|মানসিক_অস্থিরতা
হার্ট অ্যাটাক,বমি_বমি_ভাব|দ্রুত_শ্বাস_প্রশ্বাস|ভারীভাব|ঘাম_হওয়া|মাথা_ঝিম_ঝিম|মানসিক_অস্থিরতা
হার্ট অ্যাটাক,শ্বাসকষ্ট|মাথা_ব্যথা|বমি_বমি_ভাব|দ্রুত_শ্বাস_প্রশ্বাস|ভারীভাব|বুকের_মাঝে_চাপ_দিয়ে_ব্যথা|ঘাম_হওয়া|মানসিক_অস্থিরতা
হার্ট অ্যাটাক,শ্বাসকষ্ট|মাথা_ব্যথা|ভারীভাব|বুকের_মাঝে_চাপ_দিয়ে_ব্যথা|ঘাম_হওয়া|মাথা_ঝিম_ঝিম
হার্ট অ্যাটাক,শ্বাসকষ্ট|দ্রুত_শ্বাস_প্রশ্বাস|ভারীভাব|মাথা_ঝিম_ঝিম|মানসিক_অস্থিরতা
হার্ট অ্যাটাক,শ্বাসকষ্ট|মাথা_ব্যথা|বমি_বমি_ভাব|ঘাম_হওয়া|মাথা_ঝিম_ঝিম|মানসিক_অস্থিরতা
হার্ট অ্যাটাক,শ্বাসকষ্ট|বমি_বমি_ভাব|দ্রুত_শ্বাস_প্রশ্বাস|ভারীভাব|বুকের_মাঝে_চাপ_দিয়ে_ব্যথা|ঘাম_হওয়া
হার্ট অ্যাটাক,শ্বাসকষ্ট|দ্রুত_শ্বাস_প্রশ্বাস|ঘাম_হওয়া|মাথা_ঝিম_ঝিম|মানসিক_অস্থিরতা
বধিরতা,শ্রবণশক্তি_হ্রাস|শোনার_অসুবিধা
বধিরতা,শ্রবণশক্তি_হ্রাস
বধিরতা,শোনার_অসুবিধা
পারকিনসন্স,ভারসাম্য_হারা|হাত_পায়ে_কাঁপুনি|হাত_পা_শক্ত
পারকিনসন্স,ভারসাম্য_হারা|হাত_পায়ে_কাঁপুনি
পারকিনসন্স,ভারসাম্য_হারা|হাত_পা_শক্ত
পারকিনসন্স,হাত_পায়ে_কাঁপুনি|হাত_পা_শক্ত
পারকিনসন্স,হাত_পায়ে_কাঁপুনি
পারকিনসন্স,হাত_পা_শক্ত
গ্লুকোমা,বমি|চোখ_লাল_হওয়া|চোখে_ব্যথা|মাথা_ব্যথা|বমি_বমি_ভাব|ঝাপসা_দৃষ্টি
গ্লুকোমা,চোখে_ব্যথা|মাথা_ব্যথা|বমি_বমি_ভাব|ঝাপসা_দৃষ্টি
গ্লুকোমা,বমি|চোখ_লাল_হওয়া|মাথা_ব্যথা
গ্লুকোমা,চোখে_ব্যথা|মাথা_ব্যথা|বমি_বমি_ভাব|ঝাপসা_দৃষ্টি
গ্লুকোমা,বমি|ঝাপসা_দৃষ্টি
গ্লুকোমা,বমি|চোখ_লাল_হওয়া|বমি_বমি_ভাব|ঝাপসা_দৃষ্টি
গ্লুকোমা,বমি
গ্লুকোমা,বমি|চোখ_লাল_হওয়া|চোখে_ব্যথা|মাথা_ব্যথা
গ্লুকোমা,চোখে_ব্যথা|বমি_বমি_ভাব|ঝাপসা_দৃষ্টি
গ্লুকোমা,বমি|চোখ_লাল_হওয়া|চোখে_ব্যথা|ঝাপসা_দৃষ্টি
ছানি,ঝাপসা_দৃষ্টি|দুর্বল_রাতের_দৃষ্টি|দ্বিগুণ_দৃষ্টি|রং_বিবর্ণ_দেখা|আলোর_প্রতি_সংবেদনশীলতা
ছানি,ঝাপসা_দৃষ্টি|দ্বিগুণ_দৃষ্টি|রং_বিবর্ণ_দেখা|আলোর_প্রতি_সংবেদনশীলতা
ছানি,দুর্বল_রাতের_দৃষ্টি|দ্বিগুণ_দৃষ্টি|রং_বিবর্ণ_দেখা|আলোর_প্রতি_সংবেদনশীলতা
ছানি,ঝাপসা_দৃষ্টি|দুর্বল_রাতের_দৃষ্টি|রং_বিবর্ণ_দেখা|আলোর_প্রতি_সংবেদনশীলতা
ছানি,ঝাপসা_দৃষ্টি|দুর্বল_রাতের_দৃষ্টি|দ্বিগুণ_দৃষ্টি|আলোর_প্রতি_সংবেদনশীলতা
ছানি,ঝাপসা_দৃষ্টি|দুর্বল_রাতের_দৃষ্টি|দ্বিগুণ_দৃষ্টি|রং_বিবর্ণ_দেখা
ছানি,দুর্বল_রাতের_দৃষ্টি|রং_বিবর্ণ_দেখা|আলোর_প্রতি_সংবেদনশীলতা
ছানি,ঝাপসা_দৃষ্টি|দুর্বল_রাতের_দৃষ্টি|আলোর_প্রতি_সংবেদনশীলতা
ছানি,ঝাপসা_দৃষ্টি|দুর্বল_রাতের_দৃষ্টি|আলোর_প্রতি_সংবেদনশীলতা
বেরিবেরি,ক্লান্ত_বোধ|দুর্বলতা|হাটতে_অক্ষমতা|পক্ষাঘাত|পেশীর_দুর্বলতা|হাত_ও_পায়ে_শিহরণ
বেরিবেরি,দুর্বলতা|হাটতে_অক্ষমতা|পক্ষাঘাত|পেশীর_দুর্বলতা|হাত_ও_পায়ে_শিহরণ
বেরিবেরি,ক্লান্ত_বোধ|হাটতে_অক্ষমতা|পক্ষাঘাত|পেশীর_দুর্বলতা|হাত_ও_পায়ে_শিহরণ
বেরিবেরি,ক্লান্ত_বোধ|দুর্বলতা|পক্ষাঘাত|পেশীর_দুর্বলতা|হাত_ও_পায়ে_শিহরণ
বেরিবেরি,ক্লান্ত_বোধ|দুর্বলতা|হাটতে_অক্ষমতা|পেশীর_দুর্বলতা|হাত_ও_পায়ে_শিহরণ
বেরিবেরি,ক্লান্ত_বোধ|দুর্বলতা|হাটতে_অক্ষমতা|পক্ষাঘাত|হাত_ও_পায়ে_শিহরণ
বেরিবেরি,ক্লান্ত_বোধ|দুর্বলতা|হাটতে_অক্ষমতা|পক্ষাঘাত|পেশীর_দুর্বলতা
রিকেট,পেশীর_দুর্বলতা|দুর্বল_অস্থিসন্ধি|দাঁত_ভঙ্গুর|হাড়_ভঙ্গুর|পায়ের_হাড়গুলি_ধনুকের_মত_বাঁকা|হাত_ও_পায়ে_ব্যথা
রিকেট,দুর্বল_অস্থিসন্ধি|দাঁত_ভঙ্গুর|হাড়_ভঙ্গুর|পায়ের_হাড়গুলি_ধনুকের_মত_বাঁকা|হাত_ও_পায়ে_ব্যথা
রিকেট,পেশীর_দুর্বলতা|দাঁত_ভঙ্গুর|হাড়_ভঙ্গুর|পায়ের_হাড়গুলি_ধনুকের_মত_বাঁকা|হাত_ও_পায়ে_ব্যথা
রিকেট,পেশীর_দুর্বলতা|দুর্বল_অস্থিসন্ধি|হাড়_ভঙ্গুর|পায়ের_হাড়গুলি_ধনুকের_মত_বাঁকা|হাত_ও_পায়ে_ব্যথা
রিকেট,পেশীর_দুর্বলতা|দুর্বল_অস্থিসন্ধি|দাঁত_ভঙ্গুর|পায়ের_হাড়গুলি_ধনুকের_মত_বাঁকা|হাত_ও_পায়ে_ব্যথা
রিকেট,পেশীর_দুর্বলতা|দুর্বল_অস্থিসন্ধি|দাঁত_ভঙ্গুর|হাড়_ভঙ্গুর|হাত_ও_পায়ে_ব্যথা
রিকেট,পেশীর_দুর্বলতা|দুর্বল_অস্থিসন্ধি|দাঁত_ভঙ্গুর|হাড়_ভঙ্গুর|পায়ের_হাড়গুলি_ধনুকের_মত_বাঁকা
রিকেট,পেশীর_দুর্বলতা|দুর্বল_অস্থিসন্ধি|হাড়_ভঙ্গুর|পায়ের_হাড়গুলি_ধনুকের_মত_বাঁকা
জলাতঙ্ক,জ্বর|মাথা_ব্যথা|গলা_ব্যথা|খিঁচুনি|অত্যধিক_লালা _নিঃসরণ|গিলতে_অসুবিধা|অনিদ্রা|কোমা|বাতাসের_ভয়
জলাতঙ্ক,মাথা_ব্যথা|গলা_ব্যথা|খিঁচুনি|অত্যধিক_লালা _নিঃসরণ|গিলতে_অসুবিধা|অনিদ্রা|কোমা|বাতাসের_ভয়
জলাতঙ্ক,জ্বর|গলা_ব্যথা|খিঁচুনি|অত্যধিক_লালা _নিঃসরণ|গিলতে_অসুবিধা|অনিদ্রা|কোমা|বাতাসের_ভয়
জলাতঙ্ক,জ্বর|মাথা_ব্যথা|খিঁচুনি|অত্যধিক_লালা _নিঃসরণ|গিলতে_অসুবিধা|অনিদ্রা|কোমা|বাতাসের_ভয়
জলাতঙ্ক,মাথা_ব্যথা|গলা_ব্যথা|অত্যধিক_লালা _নিঃসরণ|গিলতে_অসুবিধা|অনিদ্রা|কোমা|বাতাসের_ভয়
জলাতঙ্ক,মাথা_ব্যথা|গলা_ব্যথা|খিঁচুনি|গিলতে_অসুবিধা|অনিদ্রা|কোমা|বাতাসের_ভয়
জলাতঙ্ক,মাথা_ব্যথা|গলা_ব্যথা|খিঁচুনি|অত্যধিক_লালা _নিঃসরণ|অনিদ্রা|কোমা|বাতাসের_ভয়
জলাতঙ্ক,মাথা_ব্যথা|গলা_ব্যথা|খিঁচুনি|অত্যধিক_লালা _নিঃসরণ|গিলতে_অসুবিধা|কোমা|বাতাসের_ভয়
জলাতঙ্ক,মাথা_ব্যথা|গলা_ব্যথা|খিঁচুনি|অত্যধিক_লালা _নিঃসরণ|গিলতে_অসুবিধা|অনিদ্রা|বাতাসের_ভয়
জলাতঙ্ক,মাথা_ব্যথা|গলা_ব্যথা|খিঁচুনি|অত্যধিক_লালা _নিঃসরণ|গিলতে_অসুবিধা|অনিদ্রা|কোমা
সোয়াইন ফ্লু,শরীর_ব্যথা|ক্লান্ত_বোধ|জ্বর|চোখ_দিয়ে_পানি_পড়া|মাথা_ব্যথা|ডায়রিয়া|কাশি|বমি_বমি_ভাব|গলা_ব্যথা|সর্দি
সোয়াইন ফ্লু,ক্লান্ত_বোধ|জ্বর|চোখ_দিয়ে_পানি_পড়া|মাথা_ব্যথা|ডায়রিয়া|কাশি|বমি_বমি_ভাব|গলা_ব্যথা|সর্দি
সোয়াইন ফ্লু,শরীর_ব্যথা|জ্বর|চোখ_দিয়ে_পানি_পড়া|মাথা_ব্যথা|ডায়রিয়া|কাশি|বমি_বমি_ভাব|গলা_ব্যথা|সর্দি
সোয়াইন ফ্লু,শরীর_ব্যথা|ক্লান্ত_বোধ|জ্বর|মাথা_ব্যথা|ডায়রিয়া|কাশি|বমি_বমি_ভাব|গলা_ব্যথা|সর্দি
সোয়াইন ফ্লু,শরীর_ব্যথা|ক্লান্ত_বোধ|জ্বর|চোখ_দিয়ে_পানি_পড়া|ডায়রিয়া|কাশি|বমি_বমি_ভাব|গলা_ব্যথা|সর্দি
সোয়াইন ফ্লু,শরীর_ব্যথা|ক্লান্ত_বোধ|জ্বর|চোখ_দিয়ে_পানি_পড়া|মাথা_ব্যথা|কাশি|বমি_বমি_ভাব|গলা_ব্যথা|সর্দি
সোয়াইন ফ্লু,শরীর_ব্যথা|ক্লান্ত_বোধ|জ্বর|চোখ_দিয়ে_পানি_পড়া|মাথা_ব্যথা|ডায়রিয়া|বমি_বমি_ভাব|গলা_ব্যথা|সর্দি
সোয়াইন ফ্লু,শরীর_ব্যথা|ক্লান্ত_বোধ|জ্বর|চোখ_দিয়ে_পানি_পড়া|মাথা_ব্যথা|ডায়রিয়া|কাশি|গলা_ব্যথা|সর্দি
সোয়াইন ফ্লু,শরীর_ব্যথা|ক্লান্ত_বোধ|জ্বর|চোখ_দিয়ে_পানি_পড়া|মাথা_ব্যথা|ডায়রিয়া|কাশি|বমি_বমি_ভাব|সর্দি
সোয়াইন ফ্লু,শরীর_ব্যথা|ক্লান্ত_বোধ|জ্বর|চোখ_দিয়ে_পানি_পড়া|মাথা_ব্যথা|ডায়রিয়া|কাশি|বমি_বমি_ভাব|গলা_ব্যথা
সোয়াইন ফ্লু,জ্বর|ডায়রিয়া|কাশি|বমি_বমি_ভাব|গলা_ব্যথা|সর্দি
সোয়াইন ফ্লু,শরীর_ব্যথা|জ্বর|চোখ_দিয়ে_পানি_পড়া|মাথা_ব্যথা|কাশি|বমি_বমি_ভাব
সোয়াইন ফ্লু,শরীর_ব্যথা|ক্লান্ত_বোধ|মাথা_ব্যথা|গলা_ব্যথা|সর্দি
সোয়াইন ফ্লু,শরীর_ব্যথা|ক্লান্ত_বোধ|মাথা_ব্যথা|কাশি|গলা_ব্যথা
সোয়াইন ফ্লু,জ্বর|মাথা_ব্যথা|কাশি|সর্দি
পক্ষাঘাত,কথা_বলতে_সমস্যা|শরীর_অবশ|মাংশপেশি_দুর্বল|হাত_ও_পায়ে_ব্যথা|শক্ত_পেশী
পক্ষাঘাত,শরীর_অবশ|মাংশপেশি_দুর্বল|হাত_ও_পায়ে_ব্যথা|শক্ত_পেশী
পক্ষাঘাত,কথা_বলতে_সমস্যা|মাংশপেশি_দুর্বল|হাত_ও_পায়ে_ব্যথা|শক্ত_পেশী
পক্ষাঘাত,কথা_বলতে_সমস্যা|শরীর_অবশ|হাত_ও_পায়ে_ব্যথা|শক্ত_পেশী
পক্ষাঘাত,কথা_বলতে_সমস্যা|শরীর_অবশ|মাংশপেশি_দুর্বল|শক্ত_পেশী
পক্ষাঘাত,কথা_বলতে_সমস্যা|শরীর_অবশ|মাংশপেশি_দুর্বল|হাত_ও_পায়ে_ব্যথা
পক্ষাঘাত,কথা_বলতে_সমস্যা|শরীর_অবশ|শক্ত_পেশী
পক্ষাঘাত,কথা_বলতে_সমস্যা|শরীর_অবশ|হাত_ও_পায়ে_ব্যথা
এপিলেপসি,শক্ত_পেশী|সাময়িক_বিভ্রান্তি|দেজা_ভু|উদ্বেগ|ফিট|অজ্ঞান_হয়ে_যাওয়া
এপিলেপসি,সাময়িক_বিভ্রান্তি|দেজা_ভু|উদ্বেগ|ফিট|অজ্ঞান_হয়ে_যাওয়া
এপিলেপসি,শক্ত_পেশী|দেজা_ভু|উদ্বেগ|ফিট|অজ্ঞান_হয়ে_যাওয়া
এপিলেপসি,শক্ত_পেশী|সাময়িক_বিভ্রান্তি|উদ্বেগ|ফিট|অজ্ঞান_হয়ে_যাওয়া
এপিলেপসি,শক্ত_পেশী|সাময়িক_বিভ্রান্তি|দেজা_ভু|ফিট|অজ্ঞান_হয়ে_যাওয়া
এপিলেপসি,শক্ত_পেশী|সাময়িক_বিভ্রান্তি|দেজা_ভু|উদ্বেগ|অজ্ঞান_হয়ে_যাওয়া
এপিলেপসি,শক্ত_পেশী|সাময়িক_বিভ্রান্তি|দেজা_ভু|উদ্বেগ|ফিট
এপিলেপসি,শক্ত_পেশী|দেজা_ভু|উদ্বেগ|ফিট
এপিলেপসি,উদ্বেগ|ফিট|অজ্ঞান_হয়ে_যাওয়া
এপিলেপসি,শক্ত_পেশী|উদ্বেগ|ফিট|অজ্ঞান_হয়ে_যাওয়া
নিপাহ ভাইরাস,তীব্র_জ্বর|মাথা_ব্যথা|অত্যধিক_লালা _নিঃসরণ|অজ্ঞান_হয়ে_যাওয়া|আবোলতাবোল_কথা_বলা
নিপাহ ভাইরাস,অত্যধিক_লালা _নিঃসরণ|অজ্ঞান_হয়ে_যাওয়া|আবোলতাবোল_কথা_বলা
নিপাহ ভাইরাস,তীব্র_জ্বর|মাথা_ব্যথা|অজ্ঞান_হয়ে_যাওয়া|আবোলতাবোল_কথা_বলা
নিপাহ ভাইরাস,তীব্র_জ্বর|মাথা_ব্যথা|অত্যধিক_লালা _নিঃসরণ|আবোলতাবোল_কথা_বলা
নিপাহ ভাইরাস,তীব্র_জ্বর|মাথা_ব্যথা|অত্যধিক_লালা _নিঃসরণ|অজ্ঞান_হয়ে_যাওয়া
নিপাহ ভাইরাস,তীব্র_জ্বর|অত্যধিক_লালা _নিঃসরণ|অজ্ঞান_হয়ে_যাওয়া
ধনুষ্টঙ্কার,দ্রুত_নাড়ি_স্পন্দন|জ্বর|পেশী_ব্যথা|ডায়রিয়া|ঘাম_হওয়া|গিলতে_অসুবিধা|উচ্চ_রক্তচাপ
ধনুষ্টঙ্কার,জ্বর|পেশী_ব্যথা|ডায়রিয়া|ঘাম_হওয়া|গিলতে_অসুবিধা|উচ্চ_রক্তচাপ
ধনুষ্টঙ্কার,দ্রুত_নাড়ি_স্পন্দন|পেশী_ব্যথা|ডায়রিয়া|ঘাম_হওয়া|গিলতে_অসুবিধা|উচ্চ_রক্তচাপ
ধনুষ্টঙ্কার,দ্রুত_নাড়ি_স্পন্দন|জ্বর|ডায়রিয়া|ঘাম_হওয়া|গিলতে_অসুবিধা|উচ্চ_রক্তচাপ
ধনুষ্টঙ্কার,দ্রুত_নাড়ি_স্পন্দন|জ্বর|পেশী_ব্যথা|ঘাম_হওয়া|গিলতে_অসুবিধা|উচ্চ_রক্তচাপ
ধনুষ্টঙ্কার,দ্রুত_নাড়ি_স্পন্দন|জ্বর|পেশী_ব্যথা|ডায়রিয়া|গিলতে_অসুবিধা|উচ্চ_রক্তচাপ
ধনুষ্টঙ্কার,দ্রুত_নাড়ি_স্পন্দন|জ্বর|পেশী_ব্যথা|ডায়রিয়া|ঘাম_হওয়া|উচ্চ_রক্তচাপ
ধনুষ্টঙ্কার,দ্রুত_নাড়ি_স্পন্দন|জ্বর|পেশী_ব্যথা|ডায়রিয়া|ঘাম_হওয়া|গিলতে_অসুবিধা
ধনুষ্টঙ্কার,দ্রুত_নাড়ি_স্পন্দন|পেশী_ব্যথা|ঘাম_হওয়া|গিলতে_অসুবিধা|উচ্চ_রক্তচাপ
ধনুষ্টঙ্কার,জ্বর|ডায়রিয়া|ঘাম_হওয়া
ওটিটিস মিডিয়া,কথা_শুনতে_সমস্যা|মাথা_ব্যথা|কান_থেকে_তরল_নিষ্কাশন|কানে_ব্যথা
ওটিটিস মিডিয়া,কথা_শুনতে_সমস্যা|কান_থেকে_তরল_নিষ্কাশন|কানে_ব্যথা
গ্লসাইটিস,কথা_বলতে_সমস্যা|অত্যধিক_লালা _নিঃসরণ|জিহ্বা_ফোলা|কোমল_জিহ্বা|কালশিটে_জিহ্বা
গ্লসাইটিস,জিহ্বা_ফোলা|কোমল_জিহ্বা|কালশিটে_জিহ্বা
গ্লসাইটিস,অত্যধিক_লালা _নিঃসরণ|কোমল_জিহ্বা|কালশিটে_জিহ্বা
গ্লসাইটিস,অত্যধিক_লালা _নিঃসরণ|জিহ্বা_ফোলা|কালশিটে_জিহ্বা
গ্লসাইটিস,অত্যধিক_লালা _নিঃসরণ|জিহ্বা_ফোলা|কোমল_জিহ্বা
কুষ্ঠ,শুষ্ক_ত্বক|পেশীর_দুর্বলতা|শরীর_অবশ|চামড়ায়_ফ্যাকাশে_দাগ|ত্বকে_ছোট_ছোট_ফোঁড়া|পঙ্গু
কুষ্ঠ,পেশীর_দুর্বলতা|শরীর_অবশ|চামড়ায়_ফ্যাকাশে_দাগ|ত্বকে_ছোট_ছোট_ফোঁড়া|পঙ্গু
কুষ্ঠ,শুষ্ক_ত্বক|শরীর_অবশ|চামড়ায়_ফ্যাকাশে_দাগ|ত্বকে_ছোট_ছোট_ফোঁড়া|পঙ্গু
কুষ্ঠ,শুষ্ক_ত্বক|পেশীর_দুর্বলতা|চামড়ায়_ফ্যাকাশে_দাগ|ত্বকে_ছোট_ছোট_ফোঁড়া|পঙ্গু
কুষ্ঠ,শুষ্ক_ত্বক|পেশীর_দুর্বলতা|শরীর_অবশ|ত্বকে_ছোট_ছোট_ফোঁড়া|পঙ্গু
কুষ্ঠ,শুষ্ক_ত্বক|পেশীর_দুর্বলতা|শরীর_অবশ|চামড়ায়_ফ্যাকাশে_দাগ|পঙ্গু
কুষ্ঠ,শুষ্ক_ত্বক|পেশীর_দুর্বলতা|শরীর_অবশ|চামড়ায়_ফ্যাকাশে_দাগ|ত্বকে_ছোট_ছোট_ফোঁড়া
চিকুনগুনিয়া,চোখে_সমস্যা|ক্লান্ত_বোধ|ফুসকুড়ি|জ্বর|মাথা_ব্যথা|জয়েন্টে_ব্যথা|বমি_বমি_ভাব
চিকুনগুনিয়া,ফুসকুড়ি|জ্বর|মাথা_ব্যথা|জয়েন্টে_ব্যথা|বমি_বমি_ভাব
চিকুনগুনিয়া,চোখে_সমস্যা|জ্বর|মাথা_ব্যথা|জয়েন্টে_ব্যথা|বমি_বমি_ভাব
চিকুনগুনিয়া,চোখে_সমস্যা|ফুসকুড়ি|মাথা_ব্যথা|জয়েন্টে_ব্যথা|বমি_বমি_ভাব
চিকুনগুনিয়া,চোখে_সমস্যা|ফুসকুড়ি|জ্বর|জয়েন্টে_ব্যথা|বমি_বমি_ভাব
চিকুনগুনিয়া,চোখে_সমস্যা|ফুসকুড়ি|জ্বর|মাথা_ব্যথা|বমি_বমি_ভাব
চিকুনগুনিয়া,চোখে_সমস্যা|ফুসকুড়ি|জ্বর|মাথা_ব্যথা|জয়েন্টে_ব্যথা
আলসার,বমি_বমি_ভাব|বুকজ্বালা|পেট_ফেঁপে_থাকা|খাওয়ার_প্রতি_অনীহা
আলসার,বুকজ্বালা|পেট_ফেঁপে_থাকা|খাওয়ার_প্রতি_অনীহা
আলসার,বমি_বমি_ভাব|পেট_ফেঁপে_থাকা|খাওয়ার_প্রতি_অনীহা
আলসার,বমি_বমি_ভাব|বুকজ্বালা|খাওয়ার_প্রতি_অনীহা
আলসার,বমি_বমি_ভাব|বুকজ্বালা|পেট_ফেঁপে_থাকা
ইনফ্লুয়েঞ্জা,ক্লান্ত_বোধ|বমি|জ্বর|পেশী_ব্যথা|মাথা_ব্যথা|ডায়রিয়া|কাশি|বমি_বমি_ভাব|গলা_ব্যথা|সর্দি
ইনফ্লুয়েঞ্জা,বমি|জ্বর|পেশী_ব্যথা|মাথা_ব্যথা|ডায়রিয়া|কাশি|বমি_বমি_ভাব|গলা_ব্যথা|সর্দি
ইনফ্লুয়েঞ্জা,ক্লান্ত_বোধ|জ্বর|পেশী_ব্যথা|মাথা_ব্যথা|ডায়রিয়া|কাশি|বমি_বমি_ভাব|গলা_ব্যথা|সর্দি
ইনফ্লুয়েঞ্জা,ক্লান্ত_বোধ|বমি|পেশী_ব্যথা|মাথা_ব্যথা|ডায়রিয়া|কাশি|বমি_বমি_ভাব|গলা_ব্যথা|সর্দি
ইনফ্লুয়েঞ্জা,ক্লান্ত_বোধ|বমি|জ্বর|মাথা_ব্যথা|ডায়রিয়া|কাশি|বমি_বমি_ভাব|গলা_ব্যথা|সর্দি
ইনফ্লুয়েঞ্জা,ক্লান্ত_বোধ|বমি|জ্বর|পেশী_ব্যথা|ডায়রিয়া|কাশি|বমি_বমি_ভাব|গলা_ব্যথা|সর্দি
ইনফ্লুয়েঞ্জা,ক্লান্ত_বোধ|বমি|জ্বর|পেশী_ব্যথা|মাথা_ব্যথা|ডায়রিয়া|কাশি|বমি_বমি_ভাব|গলা_ব্যথা|সর্দি
ইনফ্লুয়েঞ্জা,ক্লান্ত_বোধ|বমি|জ্বর|পেশী_ব্যথা|মাথা_ব্যথা|কাশি|বমি_বমি_ভাব|গলা_ব্যথা|সর্দি
ইনফ্লুয়েঞ্জা,ক্লান্ত_বোধ|বমি|জ্বর|পেশী_ব্যথা|মাথা_ব্যথা|ডায়রিয়া|বমি_বমি_ভাব|গলা_ব্যথা|সর্দি
ইনফ্লুয়েঞ্জা,ক্লান্ত_বোধ|বমি|জ্বর|পেশী_ব্যথা|মাথা_ব্যথা|ডায়রিয়া|কাশি|গলা_ব্যথা|সর্দি
ইনফ্লুয়েঞ্জা,ক্লান্ত_বোধ|বমি|জ্বর|পেশী_ব্যথা|মাথা_ব্যথা|ডায়রিয়া|কাশি|বমি_বমি_ভাব|সর্দি
ইনফ্লুয়েঞ্জা,ক্লান্ত_বোধ|বমি|জ্বর|পেশী_ব্যথা|মাথা_ব্যথা|ডায়রিয়া|কাশি|বমি_বমি_ভাব|গলা_ব্যথা
হাম,ফুসকুড়ি|জ্বর|কাশি|সর্দি|স্বরভঙ্গ|মুখে_সাদা_দাগ
হাম,ফুসকুড়ি|কাশি|সর্দি|স্বরভঙ্গ|মুখে_সাদা_দাগ
হাম,ফুসকুড়ি|জ্বর|সর্দি|স্বরভঙ্গ|মুখে_সাদা_দাগ
হাম,ফুসকুড়ি|জ্বর|কাশি|স্বরভঙ্গ|মুখে_সাদা_দাগ
হাম,ফুসকুড়ি|জ্বর|কাশি|সর্দি|মুখে_সাদা_দাগ
হাম,ফুসকুড়ি|জ্বর|কাশি|সর্দি|স্বরভঙ্গ
হিমোফিলিয়া,নাভি_থেকে_রক্ত_পড়া|পায়ের_গোড়ালি_ফুলে_যাওয়া|গিরা_ফুলে_যাওয়া|অতিরিক্ত_রক্তপাত|কালশিটে_পড়া
হিমোফিলিয়া,পায়ের_গোড়ালি_ফুলে_যাওয়া|গিরা_ফুলে_যাওয়া|অতিরিক্ত_রক্তপাত|কালশিটে_পড়া
হিমোফিলিয়া,নাভি_থেকে_রক্ত_পড়া|গিরা_ফুলে_যাওয়া|অতিরিক্ত_রক্তপাত|কালশিটে_পড়া
হিমোফিলিয়া,নাভি_থেকে_রক্ত_পড়া|পায়ের_গোড়ালি_ফুলে_যাওয়া|অতিরিক্ত_রক্তপাত|কালশিটে_পড়া
হিমোফিলিয়া,নাভি_থেকে_রক্ত_পড়া|পায়ের_গোড়ালি_ফুলে_যাওয়া|গিরা_ফুলে_যাওয়া|কালশিটে_পড়া
স্কার্ভি,কালচে_মাড়ি|ভঙ্গুর_মাড়ি|মাড়ি_ফুলে_ফেঁপে_ওঠে|মাড়ির_প্রদাহ|মাড়িতে_গর্ত
স্কার্ভি,ভঙ্গুর_মাড়ি|মাড়ি_ফুলে_ফেঁপে_ওঠে|মাড়ির_প্রদাহ|মাড়িতে_গর্ত
স্কার্ভি,কালচে_মাড়ি|মাড়ি_ফুলে_ফেঁপে_ওঠে|মাড়ির_প্রদাহ|মাড়িতে_গর্ত
স্কার্ভি,কালচে_মাড়ি|ভঙ্গুর_মাড়ি|মাড়ির_প্রদাহ|মাড়িতে_গর্ত
স্কার্ভি,কালচে_মাড়ি|ভঙ্গুর_মাড়ি|মাড়ি_ফুলে_ফেঁপে_ওঠে|মাড়িতে_গর্ত
স্কার্ভি,কালচে_মাড়ি|ভঙ্গুর_মাড়ি|মাড়ি_ফুলে_ফেঁপে_ওঠে|মাড়ির_প্রদাহ
প্লুরিসি,শ্বাসকষ্ট|জ্বর|বুকে_ব্যথা|কাশি
প্লুরিসি,বুকে_ব্যথা|কাশি
প্লুরিসি,শ্বাসকষ্ট|জ্বর|কাশি
প্লুরিসি,শ্বাসকষ্ট|জ্বর|বুকে_ব্যথা
পায়োরিয়া,অত্যধিক_লালা _নিঃসরণ|মাড়ির_প্রদাহ|মাড়িতে_ফোড়া|মাড়িতে_গর্ত|দাঁতের_গোড়া_আলগা|মাড়ি_হতে_পূঁজ
পায়োরিয়া,মাড়ির_প্রদাহ|মাড়িতে_ফোড়া|মাড়িতে_গর্ত|দাঁতের_গোড়া_আলগা|মাড়ি_হতে_পূঁজ
পায়োরিয়া,অত্যধিক_লালা _নিঃসরণ|মাড়িতে_ফোড়া|মাড়িতে_গর্ত|দাঁতের_গোড়া_আলগা|মাড়ি_হতে_পূঁজ
পায়োরিয়া,অত্যধিক_লালা _নিঃসরণ|মাড়ির_প্রদাহ|মাড়িতে_গর্ত|দাঁতের_গোড়া_আলগা|মাড়ি_হতে_পূঁজ
পায়োরিয়া,অত্যধিক_লালা _নিঃসরণ|মাড়ির_প্রদাহ|মাড়িতে_ফোড়া|দাঁতের_গোড়া_আলগা|মাড়ি_হতে_পূঁজ
পায়োরিয়া,অত্যধিক_লালা _নিঃসরণ|মাড়ির_প্রদাহ|মাড়িতে_ফোড়া|মাড়িতে_গর্ত|মাড়ি_হতে_পূঁজ
পায়োরিয়া,অত্যধিক_লালা _নিঃসরণ|মাড়ির_প্রদাহ|মাড়িতে_ফোড়া|মাড়িতে_গর্ত|দাঁতের_গোড়া_আলগা
ট্র্যাকোমা,চোখ_দিয়ে_পানি_পড়া|চোখে_ব্যথা|ঝাপসা_দৃষ্টি|আলোর_প্রতি_সংবেদনশীলতা|কর্নিয়াল_ক্ষতি
ট্র্যাকোমা,চোখে_ব্যথা|ঝাপসা_দৃষ্টি|আলোর_প্রতি_সংবেদনশীলতা|কর্নিয়াল_ক্ষতি
ট্র্যাকোমা,চোখ_দিয়ে_পানি_পড়া|ঝাপসা_দৃষ্টি|আলোর_প্রতি_সংবেদনশীলতা|কর্নিয়াল_ক্ষতি
ট্র্যাকোমা,চোখ_দিয়ে_পানি_পড়া|চোখে_ব্যথা|আলোর_প্রতি_সংবেদনশীলতা|কর্নিয়াল_ক্ষতি
ট্র্যাকোমা,চোখ_দিয়ে_পানি_পড়া|চোখে_ব্যথা|ঝাপসা_দৃষ্টি|কর্নিয়াল_ক্ষতি
ট্র্যাকোমা,চোখ_দিয়ে_পানি_পড়া|চোখে_ব্যথা|ঝাপসা_দৃষ্টি|আলোর_প্রতি_সংবেদনশীলতা
সাইনোসাইটিস,শ্বাসকষ্ট|ফোলা|সর্দি|গলায়_শ্লেষ্মা|গন্ধ_ও_স্বাদের_অনুভূতি_কমে_যাওয়া|নাকের_প্রদাহ
সাইনোসাইটিস,ফোলা|সর্দি|গলায়_শ্লেষ্মা|গন্ধ_ও_স্বাদের_অনুভূতি_কমে_যাওয়া|নাকের_প্রদাহ
সাইনোসাইটিস,শ্বাসকষ্ট|সর্দি|গলায়_শ্লেষ্মা|গন্ধ_ও_স্বাদের_অনুভূতি_কমে_যাওয়া|নাকের_প্রদাহ
সাইনোসাইটিস,শ্বাসকষ্ট|ফোলা|গলায়_শ্লেষ্মা|গন্ধ_ও_স্বাদের_অনুভূতি_কমে_যাওয়া|নাকের_প্রদাহ
সাইনোসাইটিস,শ্বাসকষ্ট|ফোলা|সর্দি|গন্ধ_ও_স্বাদের_অনুভূতি_কমে_যাওয়া|নাকের_প্রদাহ
সাইনোসাইটিস,শ্বাসকষ্ট|ফোলা|সর্দি|গলায়_শ্লেষ্মা|নাকের_প্রদাহ
সাইনোসাইটিস,শ্বাসকষ্ট|ফোলা|সর্দি|গলায়_শ্লেষ্মা|গন্ধ_ও_স্বাদের_অনুভূতি_কমে_যাওয়া
ব্রংকাইটিস,শরীর_ব্যথা|শ্বাসকষ্ট|জ্বর|বুকে_ব্যথা|কাশির_সঙ্গে_রক্তপাত|কাশি|গলায়_শ্লেষ্মা|কাশির_সাথে_মিউকাস
ব্রংকাইটিস,শ্বাসকষ্ট|জ্বর|বুকে_ব্যথা|কাশির_সঙ্গে_রক্তপাত|কাশি|গলায়_শ্লেষ্মা|কাশির_সাথে_মিউকাস
ব্রংকাইটিস,শরীর_ব্যথা|জ্বর|বুকে_ব্যথা|কাশির_সঙ্গে_রক্তপাত|কাশি|গলায়_শ্লেষ্মা|কাশির_সাথে_মিউকাস
ব্রংকাইটিস,শরীর_ব্যথা|শ্বাসকষ্ট|বুকে_ব্যথা|কাশির_সঙ্গে_রক্তপাত|কাশি|গলায়_শ্লেষ্মা|কাশির_সাথে_মিউকাস
ব্রংকাইটিস,শরীর_ব্যথা|শ্বাসকষ্ট|জ্বর|কাশির_সঙ্গে_রক্তপাত|কাশি|গলায়_শ্লেষ্মা|কাশির_সাথে_মিউকাস
ব্রংকাইটিস,শরীর_ব্যথা|শ্বাসকষ্ট|জ্বর|বুকে_ব্যথা|কাশি|গলায়_শ্লেষ্মা|কাশির_সাথে_মিউকাস
ব্রংকাইটিস,শরীর_ব্যথা|শ্বাসকষ্ট|জ্বর|বুকে_ব্যথা|কাশির_সঙ্গে_রক্তপাত|গলায়_শ্লেষ্মা|কাশির_সাথে_মিউকাস
ব্রংকাইটিস,শরীর_ব্যথা|শ্বাসকষ্ট|জ্বর|বুকে_ব্যথা|কাশির_সঙ্গে_রক্তপাত|কাশি|কাশির_সাথে_মিউকাস
ব্রংকাইটিস,শরীর_ব্যথা|শ্বাসকষ্ট|জ্বর|বুকে_ব্যথা|কাশির_সঙ্গে_রক্তপাত|কাশি|গলায়_শ্লেষ্মা
পোলিও,ক্লান্ত_বোধ|পেট_ব্যথা|জ্বর|মাথা_ব্যথা|বমি_বমি_ভাব|গলা_ব্যথা
পোলিও,পেট_ব্যথা|জ্বর|মাথা_ব্যথা|বমি_বমি_ভাব|গলা_ব্যথা
পোলিও,ক্লান্ত_বোধ|জ্বর|মাথা_ব্যথা|বমি_বমি_ভাব|গলা_ব্যথা
পোলিও,ক্লান্ত_বোধ|পেট_ব্যথা|মাথা_ব্যথা|বমি_বমি_ভাব|গলা_ব্যথা
পোলিও,ক্লান্ত_বোধ|পেট_ব্যথা|জ্বর|বমি_বমি_ভাব|গলা_ব্যথা
পোলিও,ক্লান্ত_বোধ|পেট_ব্যথা|জ্বর|মাথা_ব্যথা|গলা_ব্যথা
পোলিও,ক্লান্ত_বোধ|পেট_ব্যথা|জ্বর|মাথা_ব্যথা|বমি_বমি_ভাব
স্ক্লেরোসিস,স্মৃতিশক্তি_লোপ|মাথা_ঘোরা|মুখ_বাঁকা|ঝাপসা_দৃষ্টি|পক্ষাঘাত|দ্বিগুণ_দৃষ্টি|পেশীর_দুর্বলতা|মূত্রাশয়ের_কর্মহীনতা|মানসিক_অস্থিরতা
স্ক্লেরোসিস,মাথা_ঘোরা|মুখ_বাঁকা|ঝাপসা_দৃষ্টি|পক্ষাঘাত|দ্বিগুণ_দৃষ্টি|পেশীর_দুর্বলতা|মূত্রাশয়ের_কর্মহীনতা|মানসিক_অস্থিরতা
স্ক্লেরোসিস,স্মৃতিশক্তি_লোপ|মুখ_বাঁকা|ঝাপসা_দৃষ্টি|পক্ষাঘাত|দ্বিগুণ_দৃষ্টি|পেশীর_দুর্বলতা|মূত্রাশয়ের_কর্মহীনতা|মানসিক_অস্থিরতা
স্ক্লেরোসিস,স্মৃতিশক্তি_লোপ|মাথা_ঘোরা|ঝাপসা_দৃষ্টি|পক্ষাঘাত|দ্বিগুণ_দৃষ্টি|পেশীর_দুর্বলতা|মূত্রাশয়ের_কর্মহীনতা|মানসিক_অস্থিরতা
স্ক্লেরোসিস,স্মৃতিশক্তি_লোপ|মাথা_ঘোরা|মুখ_বাঁকা|পক্ষাঘাত|দ্বিগুণ_দৃষ্টি|পেশীর_দুর্বলতা|মূত্রাশয়ের_কর্মহীনতা|মানসিক_অস্থিরতা
স্ক্লেরোসিস,স্মৃতিশক্তি_লোপ|মাথা_ঘোরা|মুখ_বাঁকা|ঝাপসা_দৃষ্টি|দ্বিগুণ_দৃষ্টি|পেশীর_দুর্বলতা|মূত্রাশয়ের_কর্মহীনতা|মানসিক_অস্থিরতা
স্ক্লেরোসিস,স্মৃতিশক্তি_লোপ|মাথা_ঘোরা|মুখ_বাঁকা|ঝাপসা_দৃষ্টি|পক্ষাঘাত|পেশীর_দুর্বলতা|মূত্রাশয়ের_কর্মহীনতা|মানসিক_অস্থিরতা
স্ক্লেরোসিস,স্মৃতিশক্তি_লোপ|মাথা_ঘোরা|মুখ_বাঁকা|ঝাপসা_দৃষ্টি|পক্ষাঘাত|দ্বিগুণ_দৃষ্টি|মূত্রাশয়ের_কর্মহীনতা|মানসিক_অস্থিরতা
স্ক্লেরোসিস,স্মৃতিশক্তি_লোপ|মাথা_ঘোরা|মুখ_বাঁকা|ঝাপসা_দৃষ্টি|পক্ষাঘাত|দ্বিগুণ_দৃষ্টি|পেশীর_দুর্বলতা|মানসিক_অস্থিরতা
স্ক্লেরোসিস,স্মৃতিশক্তি_লোপ|মাথা_ঘোরা|মুখ_বাঁকা|ঝাপসা_দৃষ্টি|পক্ষাঘাত|দ্বিগুণ_দৃষ্টি|পেশীর_দুর্বলতা|মূত্রাশয়ের_কর্মহীনতা
মস্তিষ্কের টিউমার,চোখে_সমস্যা|স্মৃতিশক্তি_লোপ|ভারসাম্য_হারা|দুর্বলতা|মাথা_ব্যথা|হাটতে_অক্ষমতা|শ্রবণশক্তি_হ্রাস|ফোকাস _করতে-অক্ষমতা
মস্তিষ্কের টিউমার,চোখে_সমস্যা|ভারসাম্য_হারা|দুর্বলতা|মাথা_ব্যথা|হাটতে_অক্ষমতা|শ্রবণশক্তি_হ্রাস|ফোকাস _করতে-অক্ষমতা
মস্তিষ্কের টিউমার,চোখে_সমস্যা|স্মৃতিশক্তি_লোপ|ভারসাম্য_হারা|মাথা_ব্যথা|হাটতে_অক্ষমতা|শ্রবণশক্তি_হ্রাস|ফোকাস _করতে-অক্ষমতা
মস্তিষ্কের টিউমার,চোখে_সমস্যা|স্মৃতিশক্তি_লোপ|ভারসাম্য_হারা|দুর্বলতা|হাটতে_অক্ষমতা|শ্রবণশক্তি_হ্রাস|ফোকাস _করতে-অক্ষমতা
মস্তিষ্কের টিউমার,চোখে_সমস্যা|স্মৃতিশক্তি_লোপ|ভারসাম্য_হারা|দুর্বলতা|মাথা_ব্যথা|শ্রবণশক্তি_হ্রাস|ফোকাস _করতে-অক্ষমতা
মস্তিষ্কের টিউমার,চোখে_সমস্যা|স্মৃতিশক্তি_লোপ|ভারসাম্য_হারা|দুর্বলতা|মাথা_ব্যথা|হাটতে_অক্ষমতা|ফোকাস _করতে-অক্ষমতা
মস্তিষ্কের টিউমার,চোখে_সমস্যা|স্মৃতিশক্তি_লোপ|ভারসাম্য_হারা|দুর্বলতা|মাথা_ব্যথা|হাটতে_অক্ষমতা|শ্রবণশক্তি_হ্রাস
মস্তিষ্কের টিউমার,চোখে_সমস্যা|স্মৃতিশক্তি_লোপ|দুর্বলতা|মাথা_ব্যথা|হাটতে_অক্ষমতা|শ্রবণশক্তি_হ্রাস|ফোকাস _করতে-অক্ষমতা
এনসেফালাইটিস,কথা_জড়িয়ে_আসা|জ্বর|মাথা_ব্যথা|খিঁচুনি|শরীর_অবশ|অজ্ঞান_হয়ে_যাওয়া
এনসেফালাইটিস,জ্বর|মাথা_ব্যথা|খিঁচুনি|শরীর_অবশ|অজ্ঞান_হয়ে_যাওয়া
এনসেফালাইটিস,কথা_জড়িয়ে_আসা|মাথা_ব্যথা|খিঁচুনি|শরীর_অবশ|অজ্ঞান_হয়ে_যাওয়া
এনসেফালাইটিস,কথা_জড়িয়ে_আসা|জ্বর|খিঁচুনি|শরীর_অবশ|অজ্ঞান_হয়ে_যাওয়া
এনসেফালাইটিস,কথা_জড়িয়ে_আসা|জ্বর|মাথা_ব্যথা|শরীর_অবশ|অজ্ঞান_হয়ে_যাওয়া
এনসেফালাইটিস,কথা_জড়িয়ে_আসা|জ্বর|মাথা_ব্যথা|খিঁচুনি|অজ্ঞান_হয়ে_যাওয়া
এনসেফালাইটিস,কথা_জড়িয়ে_আসা|জ্বর|মাথা_ব্যথা|খিঁচুনি|শরীর_অবশ
CCHFV,পেট_ব্যথা|বমি|ডায়রিয়া|বমি_বমি_ভাব|গলা_ব্যথা|মেজাজের_তীব্র_পরিবর্তন
CCHFV,বমি|ডায়রিয়া|বমি_বমি_ভাব|গলা_ব্যথা|মেজাজের_তীব্র_পরিবর্তন
CCHFV,পেট_ব্যথা|ডায়রিয়া|বমি_বমি_ভাব|গলা_ব্যথা|মেজাজের_তীব্র_পরিবর্তন
CCHFV,পেট_ব্যথা|বমি|বমি_বমি_ভাব|গলা_ব্যথা|মেজাজের_তীব্র_পরিবর্তন
CCHFV,পেট_ব্যথা|বমি|ডায়রিয়া|গলা_ব্যথা|মেজাজের_তীব্র_পরিবর্তন
CCHFV,পেট_ব্যথা|বমি|ডায়রিয়া|বমি_বমি_ভাব|মেজাজের_তীব্র_পরিবর্তন
CCHFV,পেট_ব্যথা|বমি|ডায়রিয়া|বমি_বমি_ভাব|গলা_ব্যথা
লিউকোমিয়া,ওজন_কমা|ক্ষুধা_কমা|দুর্বলতা|ঘাম_হওয়া|অতিরিক্ত_রক্তপাত|বর্ধিত_যকৃত
লিউকোমিয়া,ক্ষুধা_কমা|দুর্বলতা|ঘাম_হওয়া|অতিরিক্ত_রক্তপাত|বর্ধিত_যকৃত
লিউকোমিয়া,ওজন_কমা|ক্ষুধা_কমা|ঘাম_হওয়া|অতিরিক্ত_রক্তপাত|বর্ধিত_যকৃত
লিউকোমিয়া,ওজন_কমা|ক্ষুধা_কমা|দুর্বলতা|অতিরিক্ত_রক্তপাত|বর্ধিত_যকৃত
লিউকোমিয়া,ওজন_কমা|ক্ষুধা_কমা|দুর্বলতা|ঘাম_হওয়া|বর্ধিত_যকৃত
লিউকোমিয়া,ওজন_কমা|ক্ষুধা_কমা|দুর্বলতা|ঘাম_হওয়া|অতিরিক্ত_রক্তপাত
ডিপথেরিয়া,জ্বর|কাশি|ঠাণ্ডা_লাগা|গলা_ব্যথা|অত্যধিক_লালা _নিঃসরণ|গিলতে_অসুবিধা|কালশিটে_পড়া|নাকের_প্রদাহ
ডিপথেরিয়া,কাশি|ঠাণ্ডা_লাগা|গলা_ব্যথা|অত্যধিক_লালা _নিঃসরণ|গিলতে_অসুবিধা|কালশিটে_পড়া|নাকের_প্রদাহ
ডিপথেরিয়া,জ্বর|ঠাণ্ডা_লাগা|গলা_ব্যথা|অত্যধিক_লালা _নিঃসরণ|গিলতে_অসুবিধা|কালশিটে_পড়া|নাকের_প্রদাহ
ডিপথেরিয়া,জ্বর|কাশি|গলা_ব্যথা|অত্যধিক_লালা _নিঃসরণ|গিলতে_অসুবিধা|কালশিটে_পড়া|নাকের_প্রদাহ
ডিপথেরিয়া,জ্বর|কাশি|ঠাণ্ডা_লাগা|অত্যধিক_লালা _নিঃসরণ|গিলতে_অসুবিধা|কালশিটে_পড়া|নাকের_প্রদাহ
ডিপথেরিয়া,জ্বর|কাশি|ঠাণ্ডা_লাগা|গলা_ব্যথা|গিলতে_অসুবিধা|কালশিটে_পড়া|নাকের_প্রদাহ
ডিপথেরিয়া,জ্বর|কাশি|ঠাণ্ডা_লাগা|গলা_ব্যথা|অত্যধিক_লালা _নিঃসরণ|কালশিটে_পড়া|নাকের_প্রদাহ
ডিপথেরিয়া,জ্বর|কাশি|ঠাণ্ডা_লাগা|গলা_ব্যথা|অত্যধিক_লালা _নিঃসরণ|গিলতে_অসুবিধা|নাকের_প্রদাহ
ডিপথেরিয়া,জ্বর|কাশি|ঠাণ্ডা_লাগা|গলা_ব্যথা|অত্যধিক_লালা _নিঃসরণ|গিলতে_অসুবিধা|কালশিটে_পড়া
যক্ষ্মা,ওজন_কমা|ক্লান্ত_বোধ|শ্বাসকষ্ট|ক্ষুধা_কমা|জ্বর|বুকে_ব্যথা|কাশির_সঙ্গে_রক্তপাত|কাশি|ঘাম_হওয়া|গলায়_শ্লেষ্মা|শরীর_ঠান্ডা_হয়ে_যাওয়া
যক্ষ্মা,ক্লান্ত_বোধ|শ্বাসকষ্ট|ক্ষুধা_কমা|জ্বর|বুকে_ব্যথা|কাশির_সঙ্গে_রক্তপাত|কাশি|ঘাম_হওয়া|গলায়_শ্লেষ্মা|শরীর_ঠান্ডা_হয়ে_যাওয়া
যক্ষ্মা,ওজন_কমা|শ্বাসকষ্ট|ক্ষুধা_কমা|জ্বর|বুকে_ব্যথা|কাশির_সঙ্গে_রক্তপাত|কাশি|ঘাম_হওয়া|গলায়_শ্লেষ্মা|শরীর_ঠান্ডা_হয়ে_যাওয়া
যক্ষ্মা,ওজন_কমা|ক্লান্ত_বোধ|ক্ষুধা_কমা|জ্বর|বুকে_ব্যথা|কাশির_সঙ্গে_রক্তপাত|কাশি|ঘাম_হওয়া|গলায়_শ্লেষ্মা|শরীর_ঠান্ডা_হয়ে_যাওয়া
যক্ষ্মা,ওজন_কমা|ক্লান্ত_বোধ|শ্বাসকষ্ট|জ্বর|বুকে_ব্যথা|কাশির_সঙ্গে_রক্তপাত|কাশি|ঘাম_হওয়া|গলায়_শ্লেষ্মা|শরীর_ঠান্ডা_হয়ে_যাওয়া
যক্ষ্মা,ওজন_কমা|ক্লান্ত_বোধ|শ্বাসকষ্ট|ক্ষুধা_কমা|বুকে_ব্যথা|কাশির_সঙ্গে_রক্তপাত|কাশি|ঘাম_হওয়া|গলায়_শ্লেষ্মা|শরীর_ঠান্ডা_হয়ে_যাওয়া
যক্ষ্মা,ওজন_কমা|ক্লান্ত_বোধ|শ্বাসকষ্ট|ক্ষুধা_কমা|জ্বর|কাশির_সঙ্গে_রক্তপাত|কাশি|ঘাম_হওয়া|গলায়_শ্লেষ্মা|শরীর_ঠান্ডা_হয়ে_যাওয়া
যক্ষ্মা,ওজন_কমা|ক্লান্ত_বোধ|শ্বাসকষ্ট|ক্ষুধা_কমা|জ্বর|বুকে_ব্যথা|কাশি|ঘাম_হওয়া|গলায়_শ্লেষ্মা|শরীর_ঠান্ডা_হয়ে_যাওয়া
যক্ষ্মা,ওজন_কমা|ক্লান্ত_বোধ|শ্বাসকষ্ট|ক্ষুধা_কমা|জ্বর|বুকে_ব্যথা|কাশির_সঙ্গে_রক্তপাত|ঘাম_হওয়া|গলায়_শ্লেষ্মা|শরীর_ঠান্ডা_হয়ে_যাওয়া
যক্ষ্মা,ওজন_কমা|ক্লান্ত_বোধ|শ্বাসকষ্ট|ক্ষুধা_কমা|জ্বর|বুকে_ব্যথা|কাশির_সঙ্গে_রক্তপাত|কাশি|গলায়_শ্লেষ্মা|শরীর_ঠান্ডা_হয়ে_যাওয়া
যক্ষ্মা,ওজন_কমা|ক্লান্ত_বোধ|শ্বাসকষ্ট|ক্ষুধা_কমা|জ্বর|বুকে_ব্যথা|কাশির_সঙ্গে_রক্তপাত|কাশি|ঘাম_হওয়া|শরীর_ঠান্ডা_হয়ে_যাওয়া
যক্ষ্মা,ওজন_কমা|ক্লান্ত_বোধ|শ্বাসকষ্ট|ক্ষুধা_কমা|জ্বর|বুকে_ব্যথা|কাশির_সঙ্গে_রক্তপাত|কাশি|ঘাম_হওয়া|গলায়_শ্লেষ্মা
টাইফয়েড,"শরীর_ব্যথা|তীব্র_জ্বর|ক্ষুধা_কমা|পেট_ব্যথা|বমি|মাথা_ব্যথা|ডায়রিয়া|কাশি|কোষ্ঠকাঠিন্য|নাড়ি_স্পন্দন কমা
|র‍্যাশ"
টাইফয়েড,"তীব্র_জ্বর|ক্ষুধা_কমা|পেট_ব্যথা|বমি|মাথা_ব্যথা|ডায়রিয়া|কাশি|কোষ্ঠকাঠিন্য|নাড়ি_স্পন্দন কমা
|র‍্যাশ"
টাইফয়েড,"শরীর_ব্যথা|ক্ষুধা_কমা|পেট_ব্যথা|বমি|মাথা_ব্যথা|ডায়রিয়া|কাশি|কোষ্ঠকাঠিন্য|নাড়ি_স্পন্দন কমা
|র‍্যাশ"
টাইফয়েড,"শরীর_ব্যথা|তীব্র_জ্বর|পেট_ব্যথা|বমি|মাথা_ব্যথা|ডায়রিয়া|কাশি|কোষ্ঠকাঠিন্য|নাড়ি_স্পন্দন কমা
|র‍্যাশ"
টাইফয়েড,"শরীর_ব্যথা|তীব্র_জ্বর|ক্ষুধা_কমা|বমি|মাথা_ব্যথা|ডায়রিয়া|কাশি|কোষ্ঠকাঠিন্য|নাড়ি_স্পন্দন কমা
|র‍্যাশ"
টাইফয়েড,"শরীর_ব্যথা|তীব্র_জ্বর|ক্ষুধা_কমা|পেট_ব্যথা|মাথা_ব্যথা|ডায়রিয়া|কাশি|কোষ্ঠকাঠিন্য|নাড়ি_স্পন্দন কমা
|র‍্যাশ"
টাইফয়েড,"শরীর_ব্যথা|তীব্র_জ্বর|ক্ষুধা_কমা|পেট_ব্যথা|বমি|ডায়রিয়া|কাশি|কোষ্ঠকাঠিন্য|নাড়ি_স্পন্দন কমা
|র‍্যাশ"
টাইফয়েড,"শরীর_ব্যথা|তীব্র_জ্বর|ক্ষুধা_কমা|পেট_ব্যথা|বমি|মাথা_ব্যথা|কাশি|কোষ্ঠকাঠিন্য|নাড়ি_স্পন্দন কমা
|র‍্যাশ"
টাইফয়েড,"শরীর_ব্যথা|তীব্র_জ্বর|ক্ষুধা_কমা|পেট_ব্যথা|বমি|মাথা_ব্যথা|ডায়রিয়া|কোষ্ঠকাঠিন্য|নাড়ি_স্পন্দন কমা
|র‍্যাশ"
টাইফয়েড,"শরীর_ব্যথা|তীব্র_জ্বর|ক্ষুধা_কমা|পেট_ব্যথা|বমি|মাথা_ব্যথা|ডায়রিয়া|কাশি|নাড়ি_স্পন্দন কমা
|র‍্যাশ"
টাইফয়েড,শরীর_ব্যথা|তীব্র_জ্বর|ক্ষুধা_কমা|পেট_ব্যথা|বমি|মাথা_ব্যথা|ডায়রিয়া|কাশি|কোষ্ঠকাঠিন্য|র‍্যাশ
টাইফয়েড,"শরীর_ব্যথা|তীব্র_জ্বর|ক্ষুধা_কমা|পেট_ব্যথা|বমি|মাথা_ব্যথা|ডায়রিয়া|কাশি|কোষ্ঠকাঠিন্য|নাড়ি_স্পন্দন কমা
"
জন্ডিস,চুলকানি|ওজন_কমা|তীব্র_জ্বর|ক্ষুধা_কমা|পেট_ব্যথা|বমি|হলুদ_চোখ|পেশী_ব্যথা|বমি_বমি_ভাব|শরীর_ঠান্ডা_হয়ে_যাওয়া|হলুদ_ত্বক|যৌথ_ব্যথা|গাঢ়_রঙের_প্রস্রাব|মাটির_রঙের_মল
জন্ডিস,ওজন_কমা|তীব্র_জ্বর|ক্ষুধা_কমা|পেট_ব্যথা|বমি|হলুদ_চোখ|পেশী_ব্যথা|বমি_বমি_ভাব|শরীর_ঠান্ডা_হয়ে_যাওয়া|হলুদ_ত্বক|যৌথ_ব্যথা|গাঢ়_রঙের_প্রস্রাব|মাটির_রঙের_মল
জন্ডিস,চুলকানি|তীব্র_জ্বর|ক্ষুধা_কমা|পেট_ব্যথা|বমি|হলুদ_চোখ|পেশী_ব্যথা|বমি_বমি_ভাব|শরীর_ঠান্ডা_হয়ে_যাওয়া|হলুদ_ত্বক|যৌথ_ব্যথা|গাঢ়_রঙের_প্রস্রাব|মাটির_রঙের_মল
জন্ডিস,চুলকানি|ওজন_কমা|ক্ষুধা_কমা|পেট_ব্যথা|বমি|হলুদ_চোখ|পেশী_ব্যথা|বমি_বমি_ভাব|শরীর_ঠান্ডা_হয়ে_যাওয়া|হলুদ_ত্বক|যৌথ_ব্যথা|গাঢ়_রঙের_প্রস্রাব|মাটির_রঙের_মল
জন্ডিস,চুলকানি|ওজন_কমা|তীব্র_জ্বর|পেট_ব্যথা|বমি|হলুদ_চোখ|পেশী_ব্যথা|বমি_বমি_ভাব|শরীর_ঠান্ডা_হয়ে_যাওয়া|হলুদ_ত্বক|যৌথ_ব্যথা|গাঢ়_রঙের_প্রস্রাব|মাটির_রঙের_মল
জন্ডিস,চুলকানি|ওজন_কমা|তীব্র_জ্বর|ক্ষুধা_কমা|বমি|হলুদ_চোখ|পেশী_ব্যথা|বমি_বমি_ভাব|শরীর_ঠান্ডা_হয়ে_যাওয়া|হলুদ_ত্বক|যৌথ_ব্যথা|গাঢ়_রঙের_প্রস্রাব|মাটির_রঙের_মল
জন্ডিস,চুলকানি|ওজন_কমা|তীব্র_জ্বর|ক্ষুধা_কমা|পেট_ব্যথা|হলুদ_চোখ|পেশী_ব্যথা|বমি_বমি_ভাব|শরীর_ঠান্ডা_হয়ে_যাওয়া|হলুদ_ত্বক|যৌথ_ব্যথা|গাঢ়_রঙের_প্রস্রাব|মাটির_রঙের_মল
জন্ডিস,চুলকানি|ওজন_কমা|তীব্র_জ্বর|ক্ষুধা_কমা|পেট_ব্যথা|বমি|পেশী_ব্যথা|বমি_বমি_ভাব|শরীর_ঠান্ডা_হয়ে_যাওয়া|হলুদ_ত্বক|যৌথ_ব্যথা|গাঢ়_রঙের_প্রস্রাব|মাটির_রঙের_মল
জন্ডিস,চুলকানি|ওজন_কমা|তীব্র_জ্বর|ক্ষুধা_কমা|পেট_ব্যথা|বমি|হলুদ_চোখ|বমি_বমি_ভাব|শরীর_ঠান্ডা_হয়ে_যাওয়া|হলুদ_ত্বক|যৌথ_ব্যথা|গাঢ়_রঙের_প্রস্রাব|মাটির_রঙের_মল
জন্ডিস,চুলকানি|ওজন_কমা|তীব্র_জ্বর|ক্ষুধা_কমা|পেট_ব্যথা|বমি|হলুদ_চোখ|পেশী_ব্যথা|শরীর_ঠান্ডা_হয়ে_যাওয়া|হলুদ_ত্বক|যৌথ_ব্যথা|গাঢ়_রঙের_প্রস্রাব|মাটির_রঙের_মল
জন্ডিস,চুলকানি|ওজন_কমা|তীব্র_জ্বর|ক্ষুধা_কমা|পেট_ব্যথা|বমি|হলুদ_চোখ|পেশী_ব্যথা|বমি_বমি_ভাব|হলুদ_ত্বক|যৌথ_ব্যথা|গাঢ়_রঙের_প্রস্রাব|মাটির_রঙের_মল
জন্ডিস,চুলকানি|ওজন_কমা|তীব্র_জ্বর|ক্ষুধা_কমা|পেট_ব্যথা|বমি|হলুদ_চোখ|পেশী_ব্যথা|বমি_বমি_ভাব|শরীর_ঠান্ডা_হয়ে_যাওয়া|যৌথ_ব্যথা|গাঢ়_রঙের_প্রস্রাব|মাটির_রঙের_মল
জন্ডিস,চুলকানি|ওজন_কমা|তীব্র_জ্বর|ক্ষুধা_কমা|পেট_ব্যথা|বমি|হলুদ_চোখ|পেশী_ব্যথা|বমি_বমি_ভাব|শরীর_ঠান্ডা_হয়ে_যাওয়া|হলুদ_ত্বক|গাঢ়_রঙের_প্রস্রাব|মাটির_রঙের_মল
জন্ডিস,চুলকানি|ওজন_কমা|তীব্র_জ্বর|ক্ষুধা_কমা|পেট_ব্যথা|বমি|হলুদ_চোখ|পেশী_ব্যথা|বমি_বমি_ভাব|শরীর_ঠান্ডা_হয়ে_যাওয়া|হলুদ_ত্বক|যৌথ_ব্যথা|মাটির_রঙের_মল
জন্ডিস,চুলকানি|ওজন_কমা|তীব্র_জ্বর|ক্ষুধা_কমা|পেট_ব্যথা|বমি|হলুদ_চোখ|পেশী_ব্যথা|বমি_বমি_ভাব|শরীর_ঠান্ডা_হয়ে_যাওয়া|হলুদ_ত্বক|যৌথ_ব্যথা|গাঢ়_রঙের_প্রস্রাব
গলগণ্ড,শ্বাসকষ্ট|স্মৃতিশক্তি_লোপ|মাথা_ঘোরা|কাশি|পেশীর_দুর্বলতা|গিলতে_অসুবিধা|ঘাড়ে_ফোলাভাব|কোষ্ঠকাঠিন্য
গলগণ্ড,স্মৃতিশক্তি_লোপ|মাথা_ঘোরা|কাশি|পেশীর_দুর্বলতা|গিলতে_অসুবিধা|ঘাড়ে_ফোলাভাব|কোষ্ঠকাঠিন্য
গলগণ্ড,শ্বাসকষ্ট|মাথা_ঘোরা|কাশি|পেশীর_দুর্বলতা|গিলতে_অসুবিধা|ঘাড়ে_ফোলাভাব|কোষ্ঠকাঠিন্য
গলগণ্ড,শ্বাসকষ্ট|স্মৃতিশক্তি_লোপ|কাশি|পেশীর_দুর্বলতা|গিলতে_অসুবিধা|ঘাড়ে_ফোলাভাব|কোষ্ঠকাঠিন্য
গলগণ্ড,শ্বাসকষ্ট|স্মৃতিশক্তি_লোপ|মাথা_ঘোরা|পেশীর_দুর্বলতা|গিলতে_অসুবিধা|ঘাড়ে_ফোলাভাব|কোষ্ঠকাঠিন্য
গলগণ্ড,শ্বাসকষ্ট|স্মৃতিশক্তি_লোপ|মাথা_ঘোরা|কাশি|গিলতে_অসুবিধা|ঘাড়ে_ফোলাভাব|কোষ্ঠকাঠিন্য
গলগণ্ড,শ্বাসকষ্ট|স্মৃতিশক্তি_লোপ|মাথা_ঘোরা|কাশি|পেশীর_দুর্বলতা|ঘাড়ে_ফোলাভাব|কোষ্ঠকাঠিন্য
গলগণ্ড,শ্বাসকষ্ট|স্মৃতিশক্তি_লোপ|মাথা_ঘোরা|কাশি|পেশীর_দুর্বলতা|গিলতে_অসুবিধা|কোষ্ঠকাঠিন্য
গলগণ্ড,শ্বাসকষ্ট|স্মৃতিশক্তি_লোপ|মাথা_ঘোরা|কাশি|পেশীর_দুর্বলতা|গিলতে_অসুবিধা|ঘাড়ে_ফোলাভাব
রিফট ভ্যালি ফিভার,বমি|জ্বর|চোখে_ব্যথা|পেশী_ব্যথা|মাথা_ব্যথা|জয়েন্টে_ব্যথা|ঘাড়_শক্ত
রিফট ভ্যালি ফিভার,জ্বর|চোখে_ব্যথা|পেশী_ব্যথা|মাথা_ব্যথা|জয়েন্টে_ব্যথা|ঘাড়_শক্ত
রিফট ভ্যালি ফিভার,বমি|চোখে_ব্যথা|পেশী_ব্যথা|মাথা_ব্যথা|জয়েন্টে_ব্যথা|ঘাড়_শক্ত
রিফট ভ্যালি ফিভার,বমি|জ্বর|পেশী_ব্যথা|মাথা_ব্যথা|জয়েন্টে_ব্যথা|ঘাড়_শক্ত
রিফট ভ্যালি ফিভার,বমি|জ্বর|চোখে_ব্যথা|মাথা_ব্যথা|জয়েন্টে_ব্যথা|ঘাড়_শক্ত
রিফট ভ্যালি ফিভার,বমি|জ্বর|চোখে_ব্যথা|পেশী_ব্যথা|জয়েন্টে_ব্যথা|ঘাড়_শক্ত
রিফট ভ্যালি ফিভার,বমি|জ্বর|চোখে_ব্যথা|পেশী_ব্যথা|মাথা_ব্যথা|ঘাড়_শক্ত
রিফট ভ্যালি ফিভার,বমি|জ্বর|চোখে_ব্যথা|পেশী_ব্যথা|মাথা_ব্যথা|জয়েন্টে_ব্যথা
এলার্জি,হাত_পায়ে_কাঁপুনি|একটানা_হাঁচি|ঠান্ডা
এলার্জি,হাত_পায়ে_কাঁপুনি|ঠান্ডা
এলার্জি,একটানা_হাঁচি|ঠান্ডা
এলার্জি,হাত_পায়ে_কাঁপুনি|একটানা_হাঁচি
এলার্জি,হাত_পায়ে_কাঁপুনি|একটানা_হাঁচি|ঠান্ডা
জিইআরডি,পেট_ব্যথা|অম্লতা|জিহ্বায়_আলসার|বমি|বুকে_ব্যথা|কাশি
জিইআরডি,পেট_ব্যথা|জিহ্বায়_আলসার|বমি|বুকে_ব্যথা|কাশি
জিইআরডি,পেট_ব্যথা|অম্লতা|বমি|বুকে_ব্যথা|কাশি
জিইআরডি,পেট_ব্যথা|অম্লতা|জিহ্বায়_আলসার|বুকে_ব্যথা|কাশি
জিইআরডি,পেট_ব্যথা|অম্লতা|জিহ্বায়_আলসার|বমি|বুকে_ব্যথা
জিইআরডি,পেট_ব্যথা|অম্লতা|জিহ্বায়_আলসার|বমি|কাশি
জিইআরডি,অম্লতা|জিহ্বায়_আলসার|বমি|বুকে_ব্যথা|কাশি
ক্রনিক কোলেস্টেসিস,চুলকানি|ক্ষুধা_কমা|পেট_ব্যথা|বমি|হলুদ_চোখ|বমি_বমি_ভাব|হলুদ_ত্বক
ক্রনিক কোলেস্টেসিস,ক্ষুধা_কমা|পেট_ব্যথা|বমি|হলুদ_চোখ|বমি_বমি_ভাব|হলুদ_ত্বক
ক্রনিক কোলেস্টেসিস,চুলকানি|ক্ষুধা_কমা|পেট_ব্যথা|হলুদ_চোখ|বমি_বমি_ভাব|হলুদ_ত্বক
ক্রনিক কোলেস্টেসিস,চুলকানি|ক্ষুধা_কমা|পেট_ব্যথা|বমি|হলুদ_চোখ|বমি_বমি_ভাব
ক্রনিক কোলেস্টেসিস,চুলকানি|ক্ষুধা_কমা|পেট_ব্যথা|বমি|হলুদ_চোখ|হলুদ_ত্বক
ক্রনিক কোলেস্টেসিস,চুলকানি|পেট_ব্যথা|বমি|হলুদ_চোখ|বমি_বমি_ভাব|হলুদ_ত্বক
ক্রনিক কোলেস্টেসিস,চুলকানি|ক্ষুধা_কমা|বমি|হলুদ_চোখ|বমি_বমি_ভাব|হলুদ_ত্বক
ক্রনিক কোলেস্টেসিস,চুলকানি|ক্ষুধা_কমা|পেট_ব্যথা|বমি|বমি_বমি_ভাব|হলুদ_ত্বক
ওষুধের প্রতিক্রিয়া,চুলকানি|পেট_ব্যথা|প্রস্রাবে_জ্বলন|ফুসকুড়ি
ওষুধের প্রতিক্রিয়া,চুলকানি|পেট_ব্যথা|প্রস্রাবে_জ্বলন
ওষুধের প্রতিক্রিয়া,চুলকানি|প্রস্রাবে_জ্বলন|ফুসকুড়ি
ওষুধের প্রতিক্রিয়া,চুলকানি|পেট_ব্যথা|ফুসকুড়ি
ওষুধের প্রতিক্রিয়া,চুলকানি|পেট_ব্যথা|প্রস্রাবে_জ্বলন|ফুসকুড়ি
ওষুধের প্রতিক্রিয়া,পেট_ব্যথা|প্রস্রাবে_জ্বলন|ফুসকুড়ি
পেপটিক আলসার,চুলকানি|ক্ষুধা_কমা|পেট_ব্যথা|বমি
পেপটিক আলসার,চুলকানি|পেট_ব্যথা|বদহজম|বমি
পেপটিক আলসার,চুলকানি|ক্ষুধা_কমা|পেট_ব্যথা|বদহজম
পেপটিক আলসার,চুলকানি|ক্ষুধা_কমা|বদহজম|বমি
পেপটিক আলসার,চুলকানি|ক্ষুধা_কমা|পেট_ব্যথা|বদহজম|বমি
পেপটিক আলসার,ক্ষুধা_কমা|পেট_ব্যথা|বদহজম|বমি
এইডস,ক্লান্ত_বোধ|তীব্র_জ্বর|মাথা_ব্যথা|জয়েন্টে_ব্যথা|ফোলা|কাশি|ঠাণ্ডা_লাগা|বমি_বমি_ভাব|পেশীর_দুর্বলতা|গলা_ব্যথা
এইডস,ওজন_কমা|তীব্র_জ্বর|মাথা_ব্যথা|জয়েন্টে_ব্যথা|ফোলা|কাশি|ঠাণ্ডা_লাগা|বমি_বমি_ভাব|পেশীর_দুর্বলতা|গলা_ব্যথা
এইডস,ওজন_কমা|ক্লান্ত_বোধ|মাথা_ব্যথা|জয়েন্টে_ব্যথা|ফোলা|কাশি|ঠাণ্ডা_লাগা|বমি_বমি_ভাব|পেশীর_দুর্বলতা|গলা_ব্যথা
এইডস,ওজন_কমা|ক্লান্ত_বোধ|তীব্র_জ্বর|জয়েন্টে_ব্যথা|ফোলা|কাশি|ঠাণ্ডা_লাগা|বমি_বমি_ভাব|পেশীর_দুর্বলতা|গলা_ব্যথা
এইডস,ওজন_কমা|ক্লান্ত_বোধ|তীব্র_জ্বর|মাথা_ব্যথা|ফোলা|কাশি|ঠাণ্ডা_লাগা|বমি_বমি_ভাব|পেশীর_দুর্বলতা|গলা_ব্যথা
এইডস,ওজন_কমা|ক্লান্ত_বোধ|তীব্র_জ্বর|মাথা_ব্যথা|জয়েন্টে_ব্যথা|কাশি|ঠাণ্ডা_লাগা|বমি_বমি_ভাব|পেশীর_দুর্বলতা|গলা_ব্যথা
এইডস,ওজন_কমা|ক্লান্ত_বোধ|তীব্র_জ্বর|মাথা_ব্যথা|জয়েন্টে_ব্যথা|ফোলা|ঠাণ্ডা_লাগা|বমি_বমি_ভাব|পেশীর_দুর্বলতা|গলা_ব্যথা
এইডস,ওজন_কমা|ক্লান্ত_বোধ|তীব্র_জ্বর|মাথা_ব্যথা|জয়েন্টে_ব্যথা|ফোলা|কাশি|বমি_বমি_ভাব|পেশীর_দুর্বলতা|গলা_ব্যথা
এইডস,ওজন_কমা|ক্লান্ত_বোধ|তীব্র_জ্বর|মাথা_ব্যথা|জয়েন্টে_ব্যথা|ফোলা|কাশি|ঠাণ্ডা_লাগা|পেশীর_দুর্বলতা|গলা_ব্যথা
এইডস,ওজন_কমা|ক্লান্ত_বোধ|তীব্র_জ্বর|মাথা_ব্যথা|জয়েন্টে_ব্যথা|ফোলা|কাশি|ঠাণ্ডা_লাগা|বমি_বমি_ভাব|গলা_ব্যথা
এইডস,ওজন_কমা|ক্লান্ত_বোধ|তীব্র_জ্বর|মাথা_ব্যথা|জয়েন্টে_ব্যথা|ফোলা|কাশি|ঠাণ্ডা_লাগা|বমি_বমি_ভাব|পেশীর_দুর্বলতা
এইডস,ওজন_কমা|ক্লান্ত_বোধ|তীব্র_জ্বর|মাথা_ব্যথা|জয়েন্টে_ব্যথা|ফোলা|কাশি|ঠাণ্ডা_লাগা|বমি_বমি_ভাব|পেশীর_দুর্বলতা|গলা_ব্যথা
গ্যাস্ট্রোএন্টেরাইটিস,বমি|পানিশূন্যতা|ডায়রিয়া
গ্যাস্ট্রোএন্টেরাইটিস,পানিশূন্যতা|ডায়রিয়া
গ্যাস্ট্রোএন্টেরাইটিস,বমি|ডায়রিয়া
গ্যাস্ট্রোএন্টেরাইটিস,বমি|পানিশূন্যতা
ব্রঙ্কিয়াল অ্যাজমা,ক্লান্ত_বোধ|শ্বাসকষ্ট|তীব্র_জ্বর|কাশি
ব্রঙ্কিয়াল অ্যাজমা,শ্বাসকষ্ট|তীব্র_জ্বর|কাশি
ব্রঙ্কিয়াল অ্যাজমা,ক্লান্ত_বোধ|শ্বাসকষ্ট|তীব্র_জ্বর
ব্রঙ্কিয়াল অ্যাজমা,ক্লান্ত_বোধ|শ্বাসকষ্ট|কাশি
ব্রঙ্কিয়াল অ্যাজমা,ক্লান্ত_বোধ|তীব্র_জ্বর|কাশি
ব্রঙ্কিয়াল অ্যাজমা,ক্লান্ত_বোধ|শ্বাসকষ্ট|তীব্র_জ্বর|কাশি
উচ্চ রক্তচাপ,মাথা_ঘোরা|ভারসাম্য_হারা|মাথা_ব্যথা|বুকে_ব্যথা|ফোকাস _করতে-অক্ষমতা
উচ্চ রক্তচাপ,মাথা_ঘোরা|ভারসাম্য_হারা|বুকে_ব্যথা|ফোকাস _করতে-অক্ষমতা
উচ্চ রক্তচাপ,মাথা_ঘোরা|ভারসাম্য_হারা|মাথা_ব্যথা|ফোকাস _করতে-অক্ষমতা
উচ্চ রক্তচাপ,ভারসাম্য_হারা|মাথা_ব্যথা|বুকে_ব্যথা|ফোকাস _করতে-অক্ষমতা
উচ্চ রক্তচাপ,মাথা_ঘোরা|মাথা_ব্যথা|বুকে_ব্যথা|ফোকাস _করতে-অক্ষমতা
উচ্চ রক্তচাপ,মাথা_ঘোরা|ভারসাম্য_হারা|মাথা_ব্যথা|বুকে_ব্যথা
মাইগ্রেন,অম্লতা|বদহজম|মাথা_ব্যথা|ঝাপসা_দৃষ্টি|ঘাড়_শক্ত|মানসিক_অস্থিরতা
মাইগ্রেন,বদহজম|মাথা_ব্যথা|ঝাপসা_দৃষ্টি|ঘাড়_শক্ত|মানসিক_অস্থিরতা
মাইগ্রেন,অম্লতা|মাথা_ব্যথা|ঝাপসা_দৃষ্টি|ঘাড়_শক্ত|মানসিক_অস্থিরতা
মাইগ্রেন,অম্লতা|বদহজম|ঝাপসা_দৃষ্টি|ঘাড়_শক্ত|মানসিক_অস্থিরতা
মাইগ্রেন,অম্লতা|বদহজম|মাথা_ব্যথা|ঝাপসা_দৃষ্টি|ঘাড়_শক্ত|মানসিক_অস্থিরতা
মাইগ্রেন,অম্লতা|বদহজম|মাথা_ব্যথা|ঝাপসা_দৃষ্টি|মানসিক_অস্থিরতা
মাইগ্রেন,অম্লতা|বদহজম|মাথা_ব্যথা|ঝাপসা_দৃষ্টি|ঘাড়_শক্ত
মাইগ্রেন,অম্লতা|বদহজম|মাথা_ব্যথা|ঝাপসা_দৃষ্টি|ঘাড়_শক্ত|মানসিক_অস্থিরতা
মাইগ্রেন,অম্লতা|বদহজম|মাথা_ব্যথা|ঘাড়_শক্ত|মানসিক_অস্থিরতা
সার্ভিকাল স্পন্ডাইলোসিস,মাথা_ঘোরা|ভারসাম্য_হারা|দুর্বলতা|পিঠে_ব্যথা|ঘাড়_ব্যথা
সার্ভিকাল স্পন্ডাইলোসিস,মাথা_ঘোরা|ভারসাম্য_হারা|দুর্বলতা|ঘাড়_ব্যথা
সার্ভিকাল স্পন্ডাইলোসিস,মাথা_ঘোরা|ভারসাম্য_হারা|পিঠে_ব্যথা|ঘাড়_ব্যথা
সার্ভিকাল স্পন্ডাইলোসিস,মাথা_ঘোরা|ভারসাম্য_হারা|দুর্বলতা|পিঠে_ব্যথা
সার্ভিকাল স্পন্ডাইলোসিস,ভারসাম্য_হারা|দুর্বলতা|পিঠে_ব্যথা|ঘাড়_ব্যথা
সার্ভিকাল স্পন্ডাইলোসিস,মাথা_ঘোরা|দুর্বলতা|পিঠে_ব্যথা|ঘাড়_ব্যথা
প্যারালাইসিস(মস্তিষ্কের রক্তক্ষরণ),বমি|মাথা_ব্যথা
প্যারালাইসিস(মস্তিষ্কের রক্তক্ষরণ),মাথা_ব্যথা
প্যারালাইসিস(মস্তিষ্কের রক্তক্ষরণ),বমি
প্যারালাইসিস(মস্তিষ্কের রক্তক্ষরণ),বমি|মাথা_ব্যথা
হেপাটাইটিস এ,ক্ষুধা_কমা|পেট_ব্যথা|বমি|জ্বর|হলুদ_চোখ|পেশী_ব্যথা|জয়েন্টে_ব্যথা|ডায়রিয়া|বমি_বমি_ভাব|হলুদ_ত্বক|গাঢ়_রঙের_প্রস্রাব
হেপাটাইটিস এ,ক্ষুধা_কমা|পেট_ব্যথা|বমি|জ্বর|হলুদ_চোখ|পেশী_ব্যথা|ডায়রিয়া|বমি_বমি_ভাব|হলুদ_ত্বক|গাঢ়_রঙের_প্রস্রাব
হেপাটাইটিস এ,ক্ষুধা_কমা|পেট_ব্যথা|জ্বর|হলুদ_চোখ|পেশী_ব্যথা|জয়েন্টে_ব্যথা|ডায়রিয়া|বমি_বমি_ভাব|হলুদ_ত্বক|গাঢ়_রঙের_প্রস্রাব
হেপাটাইটিস এ,ক্ষুধা_কমা|পেট_ব্যথা|বমি|জ্বর|হলুদ_চোখ|পেশী_ব্যথা|জয়েন্টে_ব্যথা|ডায়রিয়া|বমি_বমি_ভাব|গাঢ়_রঙের_প্রস্রাব
হেপাটাইটিস এ,ক্ষুধা_কমা|পেট_ব্যথা|বমি|জ্বর|হলুদ_চোখ|পেশী_ব্যথা|জয়েন্টে_ব্যথা|ডায়রিয়া|বমি_বমি_ভাব|হলুদ_ত্বক
হেপাটাইটিস এ,ক্ষুধা_কমা|পেট_ব্যথা|বমি|জ্বর|হলুদ_চোখ|পেশী_ব্যথা|জয়েন্টে_ব্যথা|ডায়রিয়া|হলুদ_ত্বক|গাঢ়_রঙের_প্রস্রাব
হেপাটাইটিস এ,পেট_ব্যথা|বমি|জ্বর|হলুদ_চোখ|পেশী_ব্যথা|জয়েন্টে_ব্যথা|ডায়রিয়া|বমি_বমি_ভাব|হলুদ_ত্বক|গাঢ়_রঙের_প্রস্রাব
হেপাটাইটিস এ,ক্ষুধা_কমা|বমি|জ্বর|হলুদ_চোখ|পেশী_ব্যথা|জয়েন্টে_ব্যথা|ডায়রিয়া|বমি_বমি_ভাব|হলুদ_ত্বক|গাঢ়_রঙের_প্রস্রাব
হেপাটাইটিস এ,ক্ষুধা_কমা|পেট_ব্যথা|বমি|জ্বর|হলুদ_চোখ|পেশী_ব্যথা|জয়েন্টে_ব্যথা|বমি_বমি_ভাব|হলুদ_ত্বক|গাঢ়_রঙের_প্রস্রাব
হেপাটাইটিস বি,চুলকানি|ক্লান্ত_বোধ|ক্ষুধা_কমা|পেট_ব্যথা|হলুদ_চোখ|হলুদ_ত্বক|গাঢ়_রঙের_প্রস্রাব|মানসিক_অস্থিরতা
হেপাটাইটিস বি,ক্লান্ত_বোধ|ক্ষুধা_কমা|পেট_ব্যথা|হলুদ_চোখ|হলুদ_ত্বক|গাঢ়_রঙের_প্রস্রাব|মানসিক_অস্থিরতা
হেপাটাইটিস বি,চুলকানি|ক্ষুধা_কমা|পেট_ব্যথা|হলুদ_চোখ|হলুদ_ত্বক|গাঢ়_রঙের_প্রস্রাব|মানসিক_অস্থিরতা
হেপাটাইটিস বি,চুলকানি|ক্লান্ত_বোধ|ক্ষুধা_কমা|পেট_ব্যথা|হলুদ_চোখ|হলুদ_ত্বক|গাঢ়_রঙের_প্রস্রাব|মানসিক_অস্থিরতা
হেপাটাইটিস বি,চুলকানি|ক্লান্ত_বোধ|ক্ষুধা_কমা|পেট_ব্যথা|হলুদ_চোখ|গাঢ়_রঙের_প্রস্রাব|মানসিক_অস্থিরতা
হেপাটাইটিস বি,চুলকানি|ক্লান্ত_বোধ|ক্ষুধা_কমা|পেট_ব্যথা|হলুদ_চোখ|হলুদ_ত্বক|মানসিক_অস্থিরতা
হেপাটাইটিস বি,চুলকানি|ক্লান্ত_বোধ|পেট_ব্যথা|হলুদ_চোখ|হলুদ_ত্বক|গাঢ়_রঙের_প্রস্রাব|মানসিক_অস্থিরতা
হেপাটাইটিস বি,চুলকানি|ক্লান্ত_বোধ|ক্ষুধা_কমা|হলুদ_চোখ|হলুদ_ত্বক|গাঢ়_রঙের_প্রস্রাব|মানসিক_অস্থিরতা
হেপাটাইটিস বি,চুলকানি|ক্লান্ত_বোধ|ক্ষুধা_কমা|পেট_ব্যথা|হলুদ_চোখ|হলুদ_ত্বক|গাঢ়_রঙের_প্রস্রাব|মানসিক_অস্থিরতা
হেপাটাইটিস সি,ক্লান্ত_বোধ|ক্ষুধা_কমা|পারিবারিক_ইতিহাস|বমি_বমি_ভাব|হলুদ_ত্বক
হেপাটাইটিস সি,ক্লান্ত_বোধ|ক্ষুধা_কমা|পারিবারিক_ইতিহাস|হলুদ_চোখ|বমি_বমি_ভাব|হলুদ_ত্বক
হেপাটাইটিস সি,ক্ষুধা_কমা|পারিবারিক_ইতিহাস|হলুদ_চোখ|বমি_বমি_ভাব|হলুদ_ত্বক
হেপাটাইটিস সি,ক্লান্ত_বোধ|ক্ষুধা_কমা|পারিবারিক_ইতিহাস|হলুদ_চোখ|বমি_বমি_ভাব
হেপাটাইটিস সি,ক্লান্ত_বোধ|ক্ষুধা_কমা|পারিবারিক_ইতিহাস|হলুদ_চোখ|হলুদ_ত্বক
হেপাটাইটিস সি,ক্লান্ত_বোধ|পারিবারিক_ইতিহাস|হলুদ_চোখ|বমি_বমি_ভাব|হলুদ_ত্বক
হেপাটাইটিস সি,ক্লান্ত_বোধ|ক্ষুধা_কমা|হলুদ_চোখ|বমি_বমি_ভাব|হলুদ_ত্বক
হেপাটাইটিস ডি,ক্লান্ত_বোধ|ক্ষুধা_কমা|পেট_ব্যথা|বমি|হলুদ_চোখ|জয়েন্টে_ব্যথা|বমি_বমি_ভাব|হলুদ_ত্বক|গাঢ়_রঙের_প্রস্রাব
হেপাটাইটিস ডি,ক্লান্ত_বোধ|ক্ষুধা_কমা|পেট_ব্যথা|বমি|হলুদ_চোখ|বমি_বমি_ভাব|হলুদ_ত্বক|গাঢ়_রঙের_প্রস্রাব
হেপাটাইটিস ডি,ক্লান্ত_বোধ|ক্ষুধা_কমা|পেট_ব্যথা|হলুদ_চোখ|জয়েন্টে_ব্যথা|বমি_বমি_ভাব|হলুদ_ত্বক|গাঢ়_রঙের_প্রস্রাব
হেপাটাইটিস ডি,ক্ষুধা_কমা|পেট_ব্যথা|বমি|হলুদ_চোখ|জয়েন্টে_ব্যথা|বমি_বমি_ভাব|হলুদ_ত্বক|গাঢ়_রঙের_প্রস্রাব
হেপাটাইটিস ডি,ক্লান্ত_বোধ|ক্ষুধা_কমা|পেট_ব্যথা|বমি|হলুদ_চোখ|জয়েন্টে_ব্যথা|বমি_বমি_ভাব|গাঢ়_রঙের_প্রস্রাব
হেপাটাইটিস ডি,ক্লান্ত_বোধ|ক্ষুধা_কমা|পেট_ব্যথা|বমি|হলুদ_চোখ|জয়েন্টে_ব্যথা|বমি_বমি_ভাব|হলুদ_ত্বক
হেপাটাইটিস ডি,ক্লান্ত_বোধ|ক্ষুধা_কমা|পেট_ব্যথা|বমি|হলুদ_চোখ|জয়েন্টে_ব্যথা|হলুদ_ত্বক|গাঢ়_রঙের_প্রস্রাব
হেপাটাইটিস ডি,ক্লান্ত_বোধ|পেট_ব্যথা|বমি|হলুদ_চোখ|জয়েন্টে_ব্যথা|বমি_বমি_ভাব|হলুদ_ত্বক|গাঢ়_রঙের_প্রস্রাব
হেপাটাইটিস ডি,ক্লান্ত_বোধ|ক্ষুধা_কমা|বমি|হলুদ_চোখ|জয়েন্টে_ব্যথা|বমি_বমি_ভাব|হলুদ_ত্বক|গাঢ়_রঙের_প্রস্রাব
হেপাটাইটিস ডি,ক্লান্ত_বোধ|ক্ষুধা_কমা|পেট_ব্যথা|বমি|জয়েন্টে_ব্যথা|বমি_বমি_ভাব|হলুদ_ত্বক|গাঢ়_রঙের_প্রস্রাব
হেপাটাইটিস ই,ক্লান্ত_বোধ|তীব্র_জ্বর|ক্ষুধা_কমা|পেট_ব্যথা|বমি|হলুদ_চোখ|জয়েন্টে_ব্যথা|বমি_বমি_ভাব|কোমা|হলুদ_ত্বক|গাঢ়_রঙের_প্রস্রাব
হেপাটাইটিস ই,ক্লান্ত_বোধ|তীব্র_জ্বর|ক্ষুধা_কমা|পেট_ব্যথা|বমি|হলুদ_চোখ|জয়েন্টে_ব্যথা|বমি_বমি_ভাব|কোমা|হলুদ_ত্বক|গাঢ়_রঙের_প্রস্রাব
হেপাটাইটিস ই,ক্লান্ত_বোধ|তীব্র_জ্বর|ক্ষুধা_কমা|পেট_ব্যথা|বমি|হলুদ_চোখ|বমি_বমি_ভাব|কোমা|হলুদ_ত্বক|গাঢ়_রঙের_প্রস্রাব
হেপাটাইটিস ই,ক্লান্ত_বোধ|তীব্র_জ্বর|ক্ষুধা_কমা|পেট_ব্যথা|হলুদ_চোখ|জয়েন্টে_ব্যথা|বমি_বমি_ভাব|কোমা|হলুদ_ত্বক|গাঢ়_রঙের_প্রস্রাব
হেপাটাইটিস ই,তীব্র_জ্বর|ক্ষুধা_কমা|পেট_ব্যথা|বমি|হলুদ_চোখ|জয়েন্টে_ব্যথা|বমি_বমি_ভাব|কোমা|হলুদ_ত্বক|গাঢ়_রঙের_প্রস্রাব
হেপাটাইটিস ই,ক্লান্ত_বোধ|ক্ষুধা_কমা|পেট_ব্যথা|বমি|হলুদ_চোখ|জয়েন্টে_ব্যথা|বমি_বমি_ভাব|কোমা|হলুদ_ত্বক|গাঢ়_রঙের_প্রস্রাব
হেপাটাইটিস ই,ক্লান্ত_বোধ|তীব্র_জ্বর|ক্ষুধা_কমা|পেট_ব্যথা|বমি|হলুদ_চোখ|জয়েন্টে_ব্যথা|বমি_বমি_ভাব|কোমা|গাঢ়_রঙের_প্রস্রাব
হেপাটাইটিস ই,ক্লান্ত_বোধ|তীব্র_জ্বর|ক্ষুধা_কমা|পেট_ব্যথা|বমি|হলুদ_চোখ|জয়েন্টে_ব্যথা|বমি_বমি_ভাব|কোমা|হলুদ_ত্বক
হেপাটাইটিস ই,ক্লান্ত_বোধ|তীব্র_জ্বর|ক্ষুধা_কমা|পেট_ব্যথা|বমি|হলুদ_চোখ|জয়েন্টে_ব্যথা|কোমা|হলুদ_ত্বক|গাঢ়_রঙের_প্রস্রাব
অ্যালকোহলিক হেপাটাইটিস,পেট_ফোলা|পেট_ব্যথা|বমি|হলুদ_ত্বক
অ্যালকোহলিক হেপাটাইটিস,পেট_ফোলা|পেট_ব্যথা|হলুদ_ত্বক
অ্যালকোহলিক হেপাটাইটিস,পেট_ফোলা|পেট_ব্যথা|বমি
অ্যালকোহলিক হেপাটাইটিস,পেট_ফোলা|বমি|হলুদ_ত্বক
অ্যালকোহলিক হেপাটাইটিস,পেট_ব্যথা|বমি|হলুদ_ত্বক
অ্যালকোহলিক হেপাটাইটিস,পেট_ফোলা|পেট_ব্যথা|বমি|হলুদ_ত্বক
অ্যালকোহলিক হেপাটাইটিস,পেট_ফোলা|পেট_ব্যথা|বমি|হলুদ_ত্বক
সাধারণ সর্দি,ক্লান্ত_বোধ|তীব্র_জ্বর|চোখ_লাল_হওয়া|পেশী_ব্যথা|মাথা_ব্যথা|বুকে_ব্যথা|কফ্|কাশি|সর্দি|একটানা_হাঁচি|ঠান্ডা|রক্তজমা|মানসিক_অস্থিরতা
সাধারণ সর্দি,ক্লান্ত_বোধ|তীব্র_জ্বর|চোখ_লাল_হওয়া|পেশী_ব্যথা|মাথা_ব্যথা|বুকে_ব্যথা|কফ্|কাশি|সর্দি|ঠান্ডা|রক্তজমা|মানসিক_অস্থিরতা
সাধারণ সর্দি,ক্লান্ত_বোধ|তীব্র_জ্বর|চোখ_লাল_হওয়া|পেশী_ব্যথা|মাথা_ব্যথা|বুকে_ব্যথা|কফ্|কাশি|সর্দি|একটানা_হাঁচি|রক্তজমা|মানসিক_অস্থিরতা
সাধারণ সর্দি,তীব্র_জ্বর|চোখ_লাল_হওয়া|পেশী_ব্যথা|মাথা_ব্যথা|বুকে_ব্যথা|কফ্|কাশি|সর্দি|একটানা_হাঁচি|ঠান্ডা|রক্তজমা|মানসিক_অস্থিরতা
সাধারণ সর্দি,ক্লান্ত_বোধ|তীব্র_জ্বর|চোখ_লাল_হওয়া|পেশী_ব্যথা|মাথা_ব্যথা|বুকে_ব্যথা|কফ্|সর্দি|একটানা_হাঁচি|ঠান্ডা|রক্তজমা|মানসিক_অস্থিরতা
সাধারণ সর্দি,ক্লান্ত_বোধ|চোখ_লাল_হওয়া|পেশী_ব্যথা|মাথা_ব্যথা|বুকে_ব্যথা|কফ্|কাশি|সর্দি|একটানা_হাঁচি|ঠান্ডা|রক্তজমা|মানসিক_অস্থিরতা
সাধারণ সর্দি,ক্লান্ত_বোধ|তীব্র_জ্বর|চোখ_লাল_হওয়া|পেশী_ব্যথা|বুকে_ব্যথা|কফ্|কাশি|সর্দি|একটানা_হাঁচি|ঠান্ডা|রক্তজমা|মানসিক_অস্থিরতা
সাধারণ সর্দি,ক্লান্ত_বোধ|তীব্র_জ্বর|চোখ_লাল_হওয়া|পেশী_ব্যথা|মাথা_ব্যথা|বুকে_ব্যথা|কফ্|কাশি|সর্দি|একটানা_হাঁচি|ঠান্ডা|রক্তজমা|মানসিক_অস্থিরতা
সাধারণ সর্দি,ক্লান্ত_বোধ|তীব্র_জ্বর|চোখ_লাল_হওয়া|পেশী_ব্যথা|মাথা_ব্যথা|বুকে_ব্যথা|কফ্|কাশি|সর্দি|একটানা_হাঁচি|ঠান্ডা|রক্তজমা
ডাইমরফিক হেমোরয়েডস (পাইলস),মলদ্বারে_জ্বালা|রক্তাক্ত_মল|পায়ু_অঞ্চলে_ব্যথা|মলত্যাগের_সময়_ব্যথা|কোষ্ঠকাঠিন্য
ডাইমরফিক হেমোরয়েডস (পাইলস),মলদ্বারে_জ্বালা|রক্তাক্ত_মল|পায়ু_অঞ্চলে_ব্যথা|মলত্যাগের_সময়_ব্যথা
ডাইমরফিক হেমোরয়েডস (পাইলস),মলদ্বারে_জ্বালা|রক্তাক্ত_মল|পায়ু_অঞ্চলে_ব্যথা|কোষ্ঠকাঠিন্য
ডাইমরফিক হেমোরয়েডস (পাইলস),মলদ্বারে_জ্বালা|রক্তাক্ত_মল|মলত্যাগের_সময়_ব্যথা|কোষ্ঠকাঠিন্য
ডাইমরফিক হেমোরয়েডস (পাইলস),মলদ্বারে_জ্বালা|পায়ু_অঞ্চলে_ব্যথা|মলত্যাগের_সময়_ব্যথা|কোষ্ঠকাঠিন্য
ডাইমরফিক হেমোরয়েডস (পাইলস),রক্তাক্ত_মল|পায়ু_অঞ্চলে_ব্যথা|মলত্যাগের_সময়_ব্যথা|কোষ্ঠকাঠিন্য
ভ্যারিকোস ভেইন,ওজন_বৃদ্ধি|ক্লান্ত_বোধ|কালশিটে_পড়া
ভ্যারিকোস ভেইন,ওজন_বৃদ্ধি|কালশিটে_পড়া
ভ্যারিকোস ভেইন,ওজন_বৃদ্ধি|ক্লান্ত_বোধ|কালশিটে_পড়া
ভ্যারিকোস ভেইন,ওজন_বৃদ্ধি|ক্লান্ত_বোধ
ভ্যারিকোস ভেইন,ক্লান্ত_বোধ|কালশিটে_পড়া
ভ্যারিকোস ভেইন,ওজন_বৃদ্ধি|ক্লান্ত_বোধ|কালশিটে_পড়া
ভ্যারিকোস ভেইন,ওজন_বৃদ্ধি|ক্লান্ত_বোধ|কালশিটে_পড়া
হাইপোথাইরয়েডিজম,ওজন_বৃদ্ধি|ক্লান্ত_বোধ|মাথা_ঘোরা|অস্বাভাবিক_ঋতুস্রাব|ফোলা|শরীর_ঠান্ডা_হয়ে_যাওয়া|মেজাজের_তীব্র_পরিবর্তন
হাইপোথাইরয়েডিজম,ওজন_বৃদ্ধি|মাথা_ঘোরা|অস্বাভাবিক_ঋতুস্রাব|ফোলা|শরীর_ঠান্ডা_হয়ে_যাওয়া|মেজাজের_তীব্র_পরিবর্তন
হাইপোথাইরয়েডিজম,ক্লান্ত_বোধ|মাথা_ঘোরা|অস্বাভাবিক_ঋতুস্রাব|ফোলা|শরীর_ঠান্ডা_হয়ে_যাওয়া|মেজাজের_তীব্র_পরিবর্তন
হাইপোথাইরয়েডিজম,ওজন_বৃদ্ধি|ক্লান্ত_বোধ|মাথা_ঘোরা|অস্বাভাবিক_ঋতুস্রাব|ফোলা|মেজাজের_তীব্র_পরিবর্তন
হাইপোথাইরয়েডিজম,ওজন_বৃদ্ধি|ক্লান্ত_বোধ|মাথা_ঘোরা|অস্বাভাবিক_ঋতুস্রাব|ফোলা|শরীর_ঠান্ডা_হয়ে_যাওয়া
হাইপোথাইরয়েডিজম,ওজন_বৃদ্ধি|ক্লান্ত_বোধ|মাথা_ঘোরা|অস্বাভাবিক_ঋতুস্রাব|ফোলা|শরীর_ঠান্ডা_হয়ে_যাওয়া|মেজাজের_তীব্র_পরিবর্তন
হাইপোথাইরয়েডিজম,ওজন_বৃদ্ধি|ক্লান্ত_বোধ|অস্বাভাবিক_ঋতুস্রাব|ফোলা|শরীর_ঠান্ডা_হয়ে_যাওয়া|মেজাজের_তীব্র_পরিবর্তন
হাইপোথাইরয়েডিজম,ওজন_বৃদ্ধি|ক্লান্ত_বোধ|মাথা_ঘোরা|অস্বাভাবিক_ঋতুস্রাব|শরীর_ঠান্ডা_হয়ে_যাওয়া|মেজাজের_তীব্র_পরিবর্তন
হাইপারথাইরয়েডিজম,অধিক_ক্ষুধা|ওজন_কমা|ক্লান্ত_বোধ|দ্রুত_নাড়ি_স্পন্দন|অস্বাভাবিক_ঋতুস্রাব|ডায়রিয়া|ঘাম_হওয়া|পেশীর_দুর্বলতা|মেজাজের_তীব্র_পরিবর্তন
হাইপারথাইরয়েডিজম,অধিক_ক্ষুধা|ওজন_কমা|দ্রুত_নাড়ি_স্পন্দন|অস্বাভাবিক_ঋতুস্রাব|ডায়রিয়া|ঘাম_হওয়া|পেশীর_দুর্বলতা|মেজাজের_তীব্র_পরিবর্তন
হাইপারথাইরয়েডিজম,অধিক_ক্ষুধা|ওজন_কমা|ক্লান্ত_বোধ|দ্রুত_নাড়ি_স্পন্দন|অস্বাভাবিক_ঋতুস্রাব|ডায়রিয়া|ঘাম_হওয়া|পেশীর_দুর্বলতা
হাইপারথাইরয়েডিজম,অধিক_ক্ষুধা|ক্লান্ত_বোধ|দ্রুত_নাড়ি_স্পন্দন|অস্বাভাবিক_ঋতুস্রাব|ডায়রিয়া|ঘাম_হওয়া|পেশীর_দুর্বলতা|মেজাজের_তীব্র_পরিবর্তন
হাইপারথাইরয়েডিজম,অধিক_ক্ষুধা|ওজন_কমা|ক্লান্ত_বোধ|দ্রুত_নাড়ি_স্পন্দন|অস্বাভাবিক_ঋতুস্রাব|ডায়রিয়া|ঘাম_হওয়া|পেশীর_দুর্বলতা|মেজাজের_তীব্র_পরিবর্তন
হাইপারথাইরয়েডিজম,অধিক_ক্ষুধা|ওজন_কমা|ক্লান্ত_বোধ|দ্রুত_নাড়ি_স্পন্দন|অস্বাভাবিক_ঋতুস্রাব|ডায়রিয়া|পেশীর_দুর্বলতা|মেজাজের_তীব্র_পরিবর্তন
হাইপারথাইরয়েডিজম,অধিক_ক্ষুধা|ওজন_কমা|ক্লান্ত_বোধ|দ্রুত_নাড়ি_স্পন্দন|অস্বাভাবিক_ঋতুস্রাব|ঘাম_হওয়া|পেশীর_দুর্বলতা|মেজাজের_তীব্র_পরিবর্তন
হাইপারথাইরয়েডিজম,অধিক_ক্ষুধা|ওজন_কমা|ক্লান্ত_বোধ|অস্বাভাবিক_ঋতুস্রাব|ডায়রিয়া|ঘাম_হওয়া|পেশীর_দুর্বলতা|মেজাজের_তীব্র_পরিবর্তন
হাইপারথাইরয়েডিজম,ওজন_কমা|ক্লান্ত_বোধ|দ্রুত_নাড়ি_স্পন্দন|অস্বাভাবিক_ঋতুস্রাব|ডায়রিয়া|ঘাম_হওয়া|পেশীর_দুর্বলতা|মেজাজের_তীব্র_পরিবর্তন
হাইপোগ্লাইসেমিয়া,অধিক_ক্ষুধা|ক্লান্ত_বোধ|কথা_জড়িয়ে_আসা|পেট_ফোলা|বমি|মাথা_ব্যথা|বমি_বমি_ভাব|ঘাম_হওয়া|উদ্বেগ
হাইপোগ্লাইসেমিয়া,অধিক_ক্ষুধা|ক্লান্ত_বোধ|কথা_জড়িয়ে_আসা|পেট_ফোলা|বমি|মাথা_ব্যথা|বমি_বমি_ভাব|ঘাম_হওয়া|উদ্বেগ
হাইপোগ্লাইসেমিয়া,অধিক_ক্ষুধা|ক্লান্ত_বোধ|কথা_জড়িয়ে_আসা|পেট_ফোলা|মাথা_ব্যথা|বমি_বমি_ভাব|ঘাম_হওয়া|উদ্বেগ
হাইপোগ্লাইসেমিয়া,অধিক_ক্ষুধা|কথা_জড়িয়ে_আসা|পেট_ফোলা|বমি|মাথা_ব্যথা|বমি_বমি_ভাব|ঘাম_হওয়া|উদ্বেগ
হাইপোগ্লাইসেমিয়া,অধিক_ক্ষুধা|ক্লান্ত_বোধ|কথা_জড়িয়ে_আসা|পেট_ফোলা|বমি|মাথা_ব্যথা|বমি_বমি_ভাব|ঘাম_হওয়া
হাইপোগ্লাইসেমিয়া,অধিক_ক্ষুধা|ক্লান্ত_বোধ|কথা_জড়িয়ে_আসা|বমি|মাথা_ব্যথা|বমি_বমি_ভাব|উদ্বেগ
হাইপোগ্লাইসেমিয়া,অধিক_ক্ষুধা|ক্লান্ত_বোধ|কথা_জড়িয়ে_আসা|পেট_ফোলা|বমি|বমি_বমি_ভাব|ঘাম_হওয়া|উদ্বেগ
হাইপোগ্লাইসেমিয়া,অধিক_ক্ষুধা|ক্লান্ত_বোধ|কথা_জড়িয়ে_আসা|বমি|মাথা_ব্যথা|ঘাম_হওয়া|উদ্বেগ
অস্টিওআর্থারাইটিস,জয়েন্টে_ব্যথা|হাটতে_অক্ষমতা|ঘাড়_ব্যথা
অস্টিওআর্থারাইটিস,হাটতে_অক্ষমতা|ঘাড়_ব্যথা
অস্টিওআর্থারাইটিস,জয়েন্টে_ব্যথা|হাটতে_অক্ষমতা
অস্টিওআর্থারাইটিস,জয়েন্টে_ব্যথা|হাটতে_অক্ষমতা|ঘাড়_ব্যথা
অস্টিওআর্থারাইটিস,জয়েন্টে_ব্যথা|হাটতে_অক্ষমতা|ঘাড়_ব্যথা
অস্টিওআর্থারাইটিস,জয়েন্টে_ব্যথা|হাটতে_অক্ষমতা|ঘাড়_ব্যথা
অস্টিওআর্থারাইটিস,জয়েন্টে_ব্যথা|ঘাড়_ব্যথা
(ভারটিগো) প্যারোয়মসাল পজিশনাল ভার্টিগো,ভারসাম্য_হারা|বমি|মাথা_ব্যথা|বমি_বমি_ভাব
(ভারটিগো) প্যারোয়মসাল পজিশনাল ভার্টিগো,ভারসাম্য_হারা|মাথা_ব্যথা|বমি_বমি_ভাব
(ভারটিগো) প্যারোয়মসাল পজিশনাল ভার্টিগো,ভারসাম্য_হারা|বমি|বমি_বমি_ভাব
(ভারটিগো) প্যারোয়মসাল পজিশনাল ভার্টিগো,ভারসাম্য_হারা|বমি|মাথা_ব্যথা
(ভারটিগো) প্যারোয়মসাল পজিশনাল ভার্টিগো,বমি|মাথা_ব্যথা|বমি_বমি_ভাব
(ভারটিগো) প্যারোয়মসাল পজিশনাল ভার্টিগো,ভারসাম্য_হারা|বমি|মাথা_ব্যথা|বমি_বমি_ভাব
ব্রণ,ফুসকুড়ি|পুঁজ_ভরা_পিম্পল
ব্রণ,পুঁজ_ভরা_পিম্পল
ব্রণ,ফুসকুড়ি
ব্রণ,ফুসকুড়ি|পুঁজ_ভরা_পিম্পল
মূত্রনালীর সংক্রমণ,প্রস্রাবে_জ্বলন
মূত্রনালীর সংক্রমণ,প্রস্রাবে_জ্বলন
মূত্রনালীর সংক্রমণ,প্রস্রাবে_জ্বলন
মূত্রনালীর সংক্রমণ,প্রস্রাবে_জ্বলন
সোরিয়াসিস,নখে_ছোট_ছিদ্র|শুষ্ক_ত্বক|জয়েন্টে_ব্যথা
সোরিয়াসিস,নখে_ছোট_ছিদ্র|শুষ্ক_ত্বক|ফুসকুড়ি
সোরিয়াসিস,নখে_ছোট_ছিদ্র|শুষ্ক_ত্বক|ফুসকুড়ি|জয়েন্টে_ব্যথা
সোরিয়াসিস,নখে_ছোট_ছিদ্র|ফুসকুড়ি|জয়েন্টে_ব্যথা
সোরিয়াসিস,শুষ্ক_ত্বক|ফুসকুড়ি|জয়েন্টে_ব্যথা
সোরিয়াসিস,নখে_ছোট_ছিদ্র|শুষ্ক_ত্বক|ফুসকুড়ি|জয়েন্টে_ব্যথা
ইমপেটিগো,তীব্র_জ্বর|ফুসকুড়ি|ফোস্কা|র‍্যাশ
ইমপেটিগো,তীব্র_জ্বর|ফোস্কা|র‍্যাশ
ইমপেটিগো,ফুসকুড়ি|ফোস্কা|র‍্যাশ
ইমপেটিগো,তীব্র_জ্বর|ফুসকুড়ি|র‍্যাশ
ইমপেটিগো,তীব্র_জ্বর|ফুসকুড়ি|ফোস্কা
